{"type":"FeatureCollection","features":[{"type":"Feature","geometry":{"type":"MultiLineString","coordinates":[[[28.801727033042557,41.14124936658345],[28.8012658698,41.1415796604],[28.800777845760532,41.14188136045266]],[[28.810849446,41.1363827933],[28.8102815094,41.1364614344],[28.8094397404,41.1366252961],[28.8085925869,41.136945301],[28.8083830662,41.1370602822],[28.8071391188,41.1377429224],[28.8058309514,41.1385748213],[28.8056836121,41.1386914092],[28.8054986843,41.1388377395],[28.8052790751,41.1390115119],[28.8040925621,41.139761546],[28.8036217033,41.140059183],[28.8030736942,41.1404759075],[28.8024994081,41.140863027],[28.8019863054,41.1412177582],[28.800658581,41.1421354943],[28.7980986116,41.1436180921],[28.7971926254,41.1441298798],[28.7970949644,41.1441850466],[28.7964146247,41.1445693565]],[[28.57619401107042,41.24834359898063],[28.5762195436,41.248346003],[28.5764099,41.2483650386],[28.5766561905,41.2483892423]],[[28.5761768289,41.2484846395],[28.575917125920814,41.24846399051281]],[[28.5761768289,41.2484846395],[28.5757426593,41.2485953702],[28.5755284754,41.2486469162],[28.575333425961137,41.248708931503714]],[[28.5766540968,41.2485234561],[28.5762009969,41.248486561],[28.5761768289,41.2484846395]]]},"properties":{"YOL_ISMI":"Eski Edirne Asfaltı Cad.","ILCE_ADI":"İSTANBUL GENELİ","YAKA":"AVRUPA","UZUNLUK":29968.05247595,"ACIKLAMA":"15.02.2024 tarihli UKOME2024/2-1 sayılı kararıyla 1.Derece Acil Ulaşım Yol ağının güncellenmesi sağlanmıştır.","UKOME_GIRIS":"UKOME2024/2-1 (15.02.2024)","UKOME_OZET":"Bu yol ağlarının seçilmesinde; yolların kapanma risk analizleri, binaların yola yıkılma risk analizleri ve yolların kaliteleri göz önüne alınmıştır.","KAPSAM_1":"Cep içerisindeki parkomatlar dahil tüm parklanmaların kaldırılması,24 saat süreli park yasağı getirilerek gerekli levhalandırmaların yapılması,yollar üzerinde yeni parkomat alanlarına ve parklanmaya izin verilmemesi,bu yol ağı için daha önce alınmış varsa tüm UKOME kararlarının iptal edilmesi gerekmektedir.","KAPSAM_2":"1.Derece Acil Ulaşım Yolları ile ilgili olarak bu yollardan mahreç alan yapı stoğunun fiziki şartları da dikkate alınarak, bina yenileme uygulamalarında yol kademelendirilmesi yapılması ve çalışmalar sonucu ortaya çıkan 2.Derece Acil Ulaşım yol ağında kontrollü parklanma yasağı uygulanması gerekmektedir.","MAHALLE_ADI":"OKLALI","TIP":"1. Derece Acil Ulaşım Yol Ağı","derece":1,"uzunluk_km":1.81}},{"type":"Feature","geometry":{"type":"MultiLineString","coordinates":[[[28.805650410141116,41.138619113311094],[28.8056836121,41.1386914092],[28.8057226816,41.1387764803],[28.8057796746,41.1389005794],[28.8062618041,41.1399503665],[28.8063358979,41.1401543968],[28.8064681698,41.1405186239],[28.8066283829,41.1410279306],[28.8067056717,41.1413719389],[28.8068057705,41.1418174638],[28.8069121971,41.1423664524],[28.8069561647,41.1426746146],[28.8069902025,41.1429131808],[28.807037891,41.1435668013],[28.8069926199,41.1446777931],[28.8068320676,41.1458943832],[28.8066709078,41.1471319652],[28.8064731699,41.1489899172],[28.806462542,41.1494041477],[28.8065043878,41.1498875911],[28.8065302164,41.1502142721],[28.8066332026,41.1506604676],[28.8067372943,41.1510311928],[28.8068694417,41.1514401285],[28.8070402897,41.1518209713],[28.8072663354,41.1522681588],[28.8075176491,41.1527056651],[28.8077994977,41.1531712467],[28.8083080423,41.1540013573],[28.8086892957,41.1545881252],[28.80903401,41.1550540243],[28.8092908932,41.1554413385],[28.809577735,41.1558950493],[28.8099203372,41.1565616106],[28.8101341219,41.1570582108],[28.8101651448,41.157147673],[28.8103232963,41.1576037377],[28.8104439722,41.1579771481],[28.8105617875,41.1585490382],[28.8106030612,41.1594549307],[28.8106106065,41.1598458713],[28.8105540378,41.1603778953],[28.8103372135,41.1612493841],[28.8100010536,41.1624172724],[28.8096384331,41.1636427482],[28.8092383983,41.1650126894],[28.8090278143,41.1658179872],[28.8089023553,41.1666324326],[28.8088394702,41.1671396842],[28.8088319088,41.1672615091],[28.8088081461,41.1676443558],[28.8087493171,41.1687991644],[28.8088619161,41.1702623357],[28.8089803367,41.1708966445],[28.8091425081,41.1715473049],[28.8095020108,41.1726400833],[28.8099506887,41.1736955397],[28.8101802391,41.1741494285],[28.8105517956,41.1747736491],[28.8110447008,41.1754955372],[28.8114560573,41.176028233],[28.8117154235,41.1763640989],[28.8121998544,41.176880874],[28.8127084238,41.1774015641],[28.8132976007,41.1779701956],[28.8139230706,41.1785861786],[28.8157685918,41.1804391864],[28.8185517467,41.1833061767],[28.8187092506,41.1834651182],[28.8192396299,41.1840003312],[28.819259218110982,41.18402009729432]],[[28.58570167281064,41.21017209102911],[28.5865977963,41.2107252462],[28.5867011423,41.2107890381],[28.5912054619,41.213201811],[28.5955594738,41.2154841217],[28.5962350132,41.2158843419],[28.5991668802,41.2176593111],[28.5993118315,41.2177470604],[28.599339724,41.2177643866],[28.5994498444,41.2178327911],[28.6011823272,41.2189089319],[28.6029835621,41.2200937732],[28.6033767606,41.2203896074],[28.6041769724,41.2209916577],[28.6042003602,41.2210072309],[28.6054681213,41.2219661964],[28.6065844407,41.2228282859],[28.6108183473,41.2263440126],[28.6126970605,41.2280790176],[28.6158530299,41.2309933056],[28.6185824493,41.2335038387],[28.6204592891,41.2351618212],[28.6210309149,41.2356667681],[28.6224086228,41.2366946955],[28.6242860173,41.2379439126],[28.6268272816,41.2394072811],[28.6284619708,41.2402067805],[28.6291734683,41.240514255],[28.6304607188,41.2410705245],[28.6326165099,41.241820055],[28.6343939672,41.2422983259],[28.6368352942,41.2428979509],[28.6388340417,41.2433048387],[28.6396432715,41.2434139061],[28.6414823823,41.2436617576],[28.6458367956,41.2442613813],[28.651425818,41.2450040403],[28.6520686043,41.2450894342],[28.6560171277,41.24552292],[28.6619119849,41.2463118962],[28.6620052331,41.2463243744],[28.6639611499,41.2465242487],[28.6659527584,41.2467241234],[28.6679800603,41.2468169228],[28.6694719818,41.2468240613],[28.670607873,41.2467742688],[28.6719870164,41.2467137988]],[[28.819136567112288,41.184196783829584],[28.8191233865,41.1841834835],[28.8185404967,41.1835952798],[28.8183602445,41.1834133829],[28.8155772691,41.180546569],[28.8137333015,41.1786951148],[28.8131092199,41.1780804975],[28.8125186744,41.1775105435],[28.8120067149,41.1769863808],[28.8115148722,41.1764616976],[28.8112497194,41.1761183368],[28.8108357429,41.1755822466],[28.8103370744,41.1748519125],[28.8099600792,41.1742185526],[28.8097257717,41.1737552554],[28.8092726727,41.1726893914],[28.808909591,41.171585719],[28.8087451378,41.1709258991],[28.8086245885,41.170280168],[28.8085107582,41.1688009312],[28.8085700724,41.1676366743],[28.8085923204,41.1672782564],[28.8086017059,41.167127061],[28.808665359,41.1666136217],[28.8087922226,41.165790079],[28.8090051507,41.1649758296],[28.8094058291,41.1636036989],[28.8097683762,41.1623784869],[28.8101036755,41.1612136032],[28.8103175515,41.1603539797],[28.8103722071,41.1598399596],[28.8103648625,41.1594593425],[28.8103241661,41.158566049],[28.810210116,41.1580124246],[28.8100923218,41.1576479282],[28.8099463892,41.1572270947],[28.8099054148,41.1571089352],[28.8096958426,41.1566221152],[28.8093589033,41.155966568],[28.8090769003,41.155520508],[28.8088234426,41.1551383575],[28.8084782537,41.1546718153],[28.8080929987,41.1540788843],[28.8075830862,41.1532465373],[28.8073000475,41.1527789881],[28.8070456908,41.1523361815],[28.8068161309,41.1518820375],[28.8066404855,41.1514904982],[28.8065050098,41.1510712558],[28.8064400706,41.1508399726],[28.8063992654,41.1506946435],[28.8062932193,41.1502351827],[28.8062666284,41.1498988404],[28.8062241688,41.1494082873],[28.806235135,41.1489809431],[28.806433632,41.1471159238],[28.8065950191,41.1458766257],[28.806754779,41.1446660704],[28.8067994875,41.1435689905],[28.8067527087,41.1429278034],[28.8066758603,41.1423891698],[28.8065704857,41.141845598],[28.8064679086,41.1413890351],[28.8063948554,41.1410638739],[28.8062373918,41.1405633024],[28.8060917693,41.1401623077],[28.8060342043,41.1400037909],[28.8055813994,41.1390178483],[28.8055198935,41.138883922],[28.8054986843,41.1388377395],[28.80545846689507,41.138750167842545]],[[28.7322050991,41.2432675776],[28.7347426153,41.2430001885],[28.7359197145,41.2429435327],[28.736347217,41.2429102445],[28.7371977991,41.2428440072],[28.7395738122,41.2426602073],[28.7415849276,41.2425097529],[28.7428263937,41.2424151345],[28.7448750132,41.2422589698],[28.7475029955,41.2420762977],[28.7486761532,41.2420319957],[28.7502444104,41.2419727542],[28.7503928701,41.2419360754],[28.7523167966,41.2419234336],[28.754708456,41.2419724683],[28.7572686679,41.2420697838],[28.7588019875,41.242101745],[28.7600092962,41.242174181],[28.7609869875,41.2421906201],[28.7610364482,41.24218914],[28.7621600217,41.2421555056],[28.7632776974,41.2420659551],[28.7659479515,41.2417313852],[28.7684410475,41.2414158844],[28.7706980795,41.2411707486],[28.7735122155,41.2410555229],[28.7736003237,41.2410519145],[28.7774746825,41.2409675807],[28.7784723338,41.2408732504],[28.7797081319,41.2407038566],[28.7806192058,41.2405162729],[28.7817215497,41.2402465702],[28.7830299918,41.2398437497],[28.7845401073,41.2393311502],[28.7854351492,41.23902732],[28.7878002095,41.2382244323],[28.788405905,41.2380188008]],[[28.7322050991,41.2432675776],[28.7338082469,41.2432297265],[28.7342132452,41.2432453423],[28.7362790783,41.2431608332],[28.7375766885,41.2430658451],[28.7434563098,41.242618225],[28.7467185748,41.2423574278],[28.7503859384,41.2422198882],[28.7532264037,41.2422172884],[28.7550984139,41.2422806067],[28.7569478637,41.2423431324],[28.7598803401,41.242460984],[28.7609808009,41.2424758102],[28.7619718974,41.2424493156],[28.7635469891,41.242322992],[28.7661903297,41.2419881104],[28.7671747132,41.2418630315],[28.76985526,41.2415223863],[28.7720450518,41.2414138901],[28.7744995689,41.241348394],[28.7769444556,41.2412840091],[28.7777195829,41.2412337961],[28.7790879186,41.2410814172],[28.7795971554,41.2409908051],[28.7804468237,41.2408649668],[28.7818090601,41.2405369456],[28.7832063513,41.2401260728],[28.7861932209,41.2391219368],[28.7880112194,41.2385001717],[28.7883573659,41.2383779663],[28.78846987286118,41.23833824491378]],[[28.7309123541,41.2436372866],[28.7303911249,41.2436204981],[28.7278243342,41.2435377881],[28.7250100345,41.2434915624],[28.7235138673,41.2434849081],[28.7195884141,41.2434335949],[28.7181952937,41.2434624135],[28.7156912652,41.2435141699],[28.7134563167,41.2436166388],[28.7131521665,41.2436305802],[28.7107078349,41.2437927526],[28.7076919924,41.2439968031],[28.7056952318,41.2441318588],[28.703682696,41.2442679457],[28.6986492229,41.2446271945],[28.6954277389,41.2448513281],[28.695240754,41.2448643348],[28.6951159097,41.2448730186],[28.6947994238,41.2448950319],[28.6945661692,41.2449112558],[28.6935896586,41.2450030946],[28.692410987,41.2451430693],[28.692028219,41.2451772535],[28.6891118356,41.2454376647],[28.6860459173,41.2457230487]],[[28.78843324926134,41.238844318317476],[28.7883259903,41.2388794476],[28.7857022696,41.2397387149],[28.784609022,41.2401098252],[28.7836162671,41.2404468091],[28.7815849268,41.2410999783],[28.7799940464,41.2414296295],[28.7785065508,41.2416433164],[28.7772275726,41.2417518066],[28.7754846569,41.2418072434],[28.77365543,41.2418500338],[28.7723479756,41.2418912542],[28.7717340481,41.2419106042],[28.768868588,41.2421067594],[28.7658903778,41.2425148093],[28.7633654556,41.2428293086],[28.7614770538,41.2429826939],[28.7595661259,41.2429520784],[28.7593274633,41.2429482524],[28.7564426688,41.2427707362],[28.7546458067,41.2427025522],[28.7521839033,41.2426880827],[28.7498822364,41.2426791364],[28.7472758335,41.242788952],[28.7467689028,41.2428255122],[28.7444331971,41.2429939363],[28.7422236716,41.2431623553],[28.7371030207,41.2435829331],[28.7366198884,41.2435969368],[28.7346143516,41.2436550443],[28.7331133924,41.2436917685],[28.7320442119,41.2436444259],[28.7311921521,41.2436327074],[28.7309123541,41.2436372866]],[[28.7309123541,41.2436372866],[28.7313079342,41.2435474148],[28.7338475855,41.2434629512],[28.7360559362,41.2433634624],[28.7399240995,41.243086488],[28.7422937871,41.2429059068],[28.7430327543,41.2428440291],[28.746494582,41.2425540877],[28.7491487544,41.242417352],[28.7510250389,41.2423747469],[28.7539215061,41.2424303485],[28.7550956155,41.2424893218],[28.7562295157,41.2425462642],[28.7588611404,41.242612729],[28.7610563562,41.2426718953],[28.7623272428,41.2426288813],[28.7635291611,41.2425252928],[28.7659193949,41.2422235031],[28.767356735,41.2420409614],[28.7684063922,41.2419076434],[28.7695494334,41.2417840584],[28.7713863346,41.2416446611],[28.7737840711,41.2415295143],[28.7753371109,41.241526962],[28.7776788083,41.2414362356],[28.7796441704,41.2411966259],[28.7796865173,41.2411914626],[28.7810370901,41.2409253526],[28.7821847675,41.24059473],[28.7848903897,41.2397033585],[28.7883560999,41.2385595914],[28.78845533590276,41.23852683882239]],[[28.6856306656,41.2454943149],[28.6902824541,41.2450731929],[28.6919816443,41.2448978372],[28.6923753749,41.2448572002],[28.6933653674,41.244755018],[28.6948195528,41.2446454079],[28.6950424416,41.2446286058],[28.6951618316,41.2446196064],[28.6952502014,41.2446129447],[28.6973851605,41.2444519785],[28.7021248678,41.2441744041],[28.7056799845,41.2439340318],[28.7064216009,41.2438838749],[28.7121713877,41.2434948399],[28.7135176449,41.2434335895],[28.7178309221,41.2432372432],[28.7181868673,41.2432380735],[28.7222626216,41.2432474974],[28.7277539776,41.2432718845],[28.7304063508,41.2433040823],[28.7320244294,41.2433236949],[28.7322050991,41.2432675776]],[[28.6783153388,41.2454785645],[28.6789279594,41.2451988893],[28.6796632137,41.2449990145],[28.680284252,41.2449561843],[28.6816240833,41.2451187076],[28.6829411731,41.2452964897],[28.6838028577,41.2453904745],[28.6856306656,41.2454943149]],[[28.6783153388,41.2454785645],[28.6785639026,41.2456200542],[28.6789279596,41.2460055264],[28.6789709626,41.2461190544]],[[28.6860459173,41.2457230487],[28.6795127558,41.2462694861],[28.6792302924,41.2462931028],[28.6790443751,41.2463128636]],[[28.6860459173,41.2457230487],[28.6829652862,41.2463312825],[28.6809808164,41.2468595232],[28.6797173222,41.2472449953],[28.6787036714,41.247701852],[28.6780285233,41.2481613186]],[[28.6789709626,41.2461190544],[28.6794914404,41.2460747135],[28.6800664499,41.2460257245],[28.6828720557,41.245786643],[28.6856306656,41.2454943149]],[[28.6789709626,41.2461190544],[28.6790443751,41.2463128636]],[[28.6774494174,41.2462486639],[28.6776144974,41.2459912497],[28.6782712289,41.2454987014],[28.6783153388,41.2454785645]],[[28.6774494174,41.2462486639],[28.6789709626,41.2461190544]],[[28.6790443751,41.2463128636],[28.6772885757,41.2464994682]],[[28.6790443751,41.2463128636],[28.6791064198,41.2464766601],[28.6790707269,41.2469263779],[28.6787780534,41.2474117878],[28.6780285233,41.2481613186]],[[28.6772885757,41.2464994682],[28.6774494174,41.2462486639]],[[28.6772885757,41.2464994682],[28.677018698,41.2465281482],[28.6758653323,41.2466158258],[28.6729483743,41.2469239985]],[[28.6719870164,41.2467137988],[28.673095901,41.246512352],[28.673838293,41.246355307],[28.6744450549,41.2461839857],[28.6750875095,41.2459412809],[28.6759798073,41.2455486702],[28.6765722938,41.2453345182],[28.6768721053,41.2452631345],[28.6772504395,41.2452060275],[28.6776858811,41.2452345815],[28.6780999072,41.2453559336],[28.6783153388,41.2454785645]],[[28.6719870164,41.2467137988],[28.6774494174,41.2462486639]],[[28.6729483743,41.2469239985],[28.6707354757,41.2470667663],[28.6706090515,41.2470663446],[28.6685914362,41.2470595991],[28.6653233574,41.2468514422],[28.6638950836,41.2467108203],[28.6636162179,41.2466959261],[28.6618847219,41.2464997496],[28.6590142508,41.2461744681],[28.6565372317,41.2458175493],[28.6546027299,41.2456105358],[28.6513982383,41.2451824829],[28.648462589,41.2447902582],[28.6483052829,41.2447645509],[28.6427958449,41.2440686455],[28.6397382375,41.2436403423],[28.6396177989,41.243618889],[28.6367996033,41.243116861],[28.6342416822,41.2425100986],[28.6315171993,41.2417248761],[28.6298753706,41.2410586273],[28.6290779569,41.2406956297],[28.6282811322,41.2403328912],[28.6266630992,41.2395952585],[28.6247595299,41.2385007069],[28.6226696975,41.2371446116],[28.6205944083,41.2356177303],[28.6202507249,41.2353611969],[28.6190369815,41.234284542],[28.6162838903,41.2316978276],[28.6125201806,41.2282272382],[28.6122507031,41.2279787296],[28.6089956004,41.2250876851],[28.6053264714,41.222132394],[28.6039916242,41.2211505107],[28.603300713,41.2206431765],[28.6024785939,41.2200375065],[28.5997600601,41.2182529116],[28.5992886653,41.2179746384],[28.5991074689,41.217867674],[28.5971361159,41.2167038944],[28.595377909,41.2157251806],[28.5924118484,41.2140739828],[28.5890330135,41.2122893873],[28.5864428156,41.2109299687],[28.5861586248,41.2107808091],[28.585498766954515,41.21035523622216]],[[28.6780285233,41.2481613186],[28.6775573901,41.2487609427],[28.6773146849,41.2495318879],[28.6773755797,41.250794594],[28.677578806,41.252144536],[28.6780736901,41.2532329586],[28.6785239146,41.253871061],[28.6792172266,41.2548663803],[28.6798758841,41.2557984181],[28.6803006059,41.2560825066],[28.6808360983,41.2564750329],[28.6813515561,41.2567222642],[28.6818970249,41.2569155405],[28.682404792,41.2570051519],[28.6828739047,41.2570172381],[28.6835059229,41.2569720684],[28.6841079258,41.2568418577],[28.684486699,41.2567229222],[28.6848807218,41.2567114612]],[[28.6770743602,41.2503504223],[28.6769934585,41.2497103471],[28.6769220736,41.2491892456],[28.6767935832,41.2487395272],[28.6765722932,41.2482755322],[28.6761154371,41.2478329523],[28.6754801211,41.2474332029],[28.6749447424,41.2472047745],[28.6741238278,41.2470334539],[28.6729483743,41.2469239985]],[[28.6770743602,41.2503504223],[28.6771076722,41.2497032094],[28.6770148729,41.2475045868],[28.6770505655,41.2470191773],[28.677193333,41.2466479813],[28.6772885757,41.2464994682]],[[28.6770743602,41.2503504223],[28.6771398683,41.2510473126],[28.6771894317,41.2519593034],[28.6773768973,41.2525269091],[28.6779817578,41.2534395973],[28.6792371495,41.2552580867],[28.6797644289,41.2560334397],[28.6802332631,41.2567228333],[28.6803985186,41.2572549864],[28.6804640187,41.25772186],[28.6803903456,41.25824512],[28.6801435551,41.2587425716],[28.6795371526,41.2595388456],[28.6781484807,41.260456766],[28.6771780949,41.2611760803],[28.6771187768,41.2612176819]]]},"properties":{"YOL_ISMI":"O-6","ILCE_ADI":"İSTANBUL GENELİ","YAKA":"AVRUPA","UZUNLUK":275964.79850248,"ACIKLAMA":"15.02.2024 tarihli UKOME2024/2-1 sayılı kararıyla 1.Derece Acil Ulaşım Yol ağının güncellenmesi sağlanmıştır.","UKOME_GIRIS":"UKOME2024/2-1 (15.02.2024)","UKOME_OZET":"Bu yol ağlarının seçilmesinde; yolların kapanma risk analizleri, binaların yola yıkılma risk analizleri ve yolların kaliteleri göz önüne alınmıştır.","KAPSAM_1":"Cep içerisindeki parkomatlar dahil tüm parklanmaların kaldırılması,24 saat süreli park yasağı getirilerek gerekli levhalandırmaların yapılması,yollar üzerinde yeni parkomat alanlarına ve parklanmaya izin verilmemesi,bu yol ağı için daha önce alınmış varsa tüm UKOME kararlarının iptal edilmesi gerekmektedir.","KAPSAM_2":"1.Derece Acil Ulaşım Yolları ile ilgili olarak bu yollardan mahreç alan yapı stoğunun fiziki şartları da dikkate alınarak, bina yenileme uygulamalarında yol kademelendirilmesi yapılması ve çalışmalar sonucu ortaya çıkan 2.Derece Acil Ulaşım yol ağında kontrollü parklanma yasağı uygulanması gerekmektedir.","MAHALLE_ADI":"POYRAZKÖY","TIP":"1. Derece Acil Ulaşım Yol Ağı","derece":1,"uzunluk_km":63.684}},{"type":"Feature","geometry":{"type":"MultiLineString","coordinates":[[[28.634049322525595,41.088716947705166],[28.6339713119,41.0887944029],[28.6329080785,41.0897253078],[28.6328645275806,41.08976494400964]]]},"properties":{"YOL_ISMI":"TEM","ILCE_ADI":"İSTANBUL GENELİ","YAKA":"AVRUPA","UZUNLUK":200388.10035111,"ACIKLAMA":"15.02.2024 tarihli UKOME2024/2-1 sayılı kararıyla 1.Derece Acil Ulaşım Yol ağının güncellenmesi sağlanmıştır.","UKOME_GIRIS":"UKOME2024/2-1 (15.02.2024)","UKOME_OZET":"Bu yol ağlarının seçilmesinde; yolların kapanma risk analizleri, binaların yola yıkılma risk analizleri ve yolların kaliteleri göz önüne alınmıştır.","KAPSAM_1":"Cep içerisindeki parkomatlar dahil tüm parklanmaların kaldırılması,24 saat süreli park yasağı getirilerek gerekli levhalandırmaların yapılması,yollar üzerinde yeni parkomat alanlarına ve parklanmaya izin verilmemesi,bu yol ağı için daha önce alınmış varsa tüm UKOME kararlarının iptal edilmesi gerekmektedir.","KAPSAM_2":"1.Derece Acil Ulaşım Yolları ile ilgili olarak bu yollardan mahreç alan yapı stoğunun fiziki şartları da dikkate alınarak, bina yenileme uygulamalarında yol kademelendirilmesi yapılması ve çalışmalar sonucu ortaya çıkan 2.Derece Acil Ulaşım yol ağında kontrollü parklanma yasağı uygulanması gerekmektedir.","MAHALLE_ADI":"ESENKENT","TIP":"1. Derece Acil Ulaşım Yol Ağı","derece":1,"uzunluk_km":0.153}},{"type":"Feature","geometry":{"type":"MultiLineString","coordinates":[[[28.6904984384,41.2552835838],[28.6897833543,41.255997282],[28.6887816599,41.2573080496],[28.6881721524,41.258423165],[28.6878446626,41.2591698542],[28.6876071337,41.2598334228]],[[28.6886515555,41.2580815098],[28.6884708402,41.2589506423],[28.6887069186,41.2599324536],[28.6889837014,41.2603000964],[28.6894481571,41.2607556384],[28.6899156184,41.2610611273],[28.6902120814,41.2612399971],[28.6903204164,41.261332551]],[[28.6839259399,41.2589120658],[28.6836984122,41.2587816069],[28.6830334428,41.2584095103],[28.6830094043,41.2583950379],[28.6828040793,41.2582714186],[28.6826294672,41.2581662914],[28.6823316126,41.2579869613],[28.6814440099,41.2573836074],[28.6804575904,41.2565146799],[28.6798758841,41.2557984181]],[[28.6839259399,41.2589120658],[28.6843969682,41.2590518684],[28.6846846241,41.2591123304],[28.68501618,41.2591089718],[28.6852735609,41.2590261493],[28.6855180982,41.2588752837],[28.6856975707,41.2586629271],[28.6857509323,41.2583633674],[28.6856905238,41.258069656],[28.6855192916,41.2578711616],[28.6853185802,41.2577259324],[28.6849891802,41.257622114],[28.6845632317,41.2576101002],[28.6841107692,41.2577563461]],[[28.6839855943,41.2591485945],[28.6837027151,41.259038943],[28.6833746041,41.2588708135],[28.6830282749,41.258666739],[28.6827758083,41.2585355158],[28.6826908429,41.2584913536],[28.6825616028,41.2584054593],[28.6824001772,41.2582981732],[28.6822422279,41.2581931975],[28.6814857476,41.2576628134],[28.6807875303,41.2570616236],[28.6797644289,41.2560334397]],[[28.6839855943,41.2591485945],[28.6844480367,41.2593859733],[28.6847518949,41.2595830061],[28.6848641049,41.2598910083],[28.6847798795,41.2601550753],[28.6845273139,41.2603517063],[28.6841954178,41.2605682749],[28.6837586653,41.2607002638],[28.6832171176,41.260744694],[28.6827250096,41.2606854627],[28.6824002876,41.2605447645],[28.6820219471,41.2603230493],[28.6818519993,41.2601394539],[28.6817103291,41.259923426],[28.6816559984,41.2596815961],[28.6816843404,41.2594496477],[28.6817749118,41.2592630793],[28.6822206602,41.2588518247]],[[28.6876071337,41.2598334228],[28.6877260638,41.2592854731],[28.6875864347,41.2586906906],[28.6873164159,41.2584589115],[28.6869026491,41.2583112553],[28.6865237527,41.2583140792],[28.6861613604,41.2584385881],[28.6858912189,41.2586856452],[28.6857619631,41.258991485],[28.685794253,41.2592705816],[28.685978332,41.2595371171],[28.6865218067,41.2598291947],[28.6872533783,41.2601562899],[28.6874597433,41.2602512708]],[[28.6876071337,41.2598334228],[28.687523629,41.2600667004],[28.6874597433,41.2602512708]],[[28.6874597433,41.2602512708],[28.6874437462,41.2602974883]],[[28.6874597433,41.2602512708],[28.687599618,41.2603156481],[28.6880602058,41.2605276326]],[[28.6874437462,41.2602974883],[28.6873463669,41.260261133],[28.6871391066,41.2601850643],[28.6868990286,41.26009695],[28.6861947081,41.2598399682],[28.6856141192,41.2596353346],[28.6851905762,41.2594782903],[28.6848057049,41.2592945439],[28.6844200592,41.2591614938],[28.6841659622,41.2590334479],[28.6839259399,41.2589120658]],[[28.6874437462,41.2602974883],[28.6874060222,41.2604064719]],[[28.6874060222,41.2604064719],[28.6871348095,41.2603013693],[28.6871024511,41.2602889998],[28.6867457681,41.260152653],[28.6858261061,41.2598123903],[28.6851586668,41.2595827719],[28.6849028751,41.2594935421],[28.6846233145,41.25936886],[28.6843420132,41.2592749516],[28.6839855943,41.2591485945]],[[28.6874060222,41.2604064719],[28.6873559648,41.2605510911]],[[28.6880602058,41.2605276326],[28.6875859612,41.2603505824],[28.6874437462,41.2602974883]],[[28.6873559648,41.2605510911],[28.6871637109,41.261106512]],[[28.6873559648,41.2605510911],[28.6871429223,41.2605009391],[28.6863703199,41.2602991596],[28.6860330862,41.2602717656],[28.6857160915,41.2603345733],[28.685539694,41.2604733921],[28.6854161005,41.2606527569],[28.6853526934,41.2609807891],[28.6854304648,41.2613533146],[28.6856822662,41.2615491554],[28.6860306243,41.2616531882],[28.6862966313,41.2616773077],[28.6866259239,41.2616063948],[28.6868388972,41.2614633707],[28.6869651867,41.2613371205],[28.6871637109,41.261106512]],[[28.6883301492,41.2607804197],[28.6874948017,41.2605837746],[28.6873559648,41.2605510911]],[[28.6883301492,41.2607804197],[28.6876689984,41.2605083827],[28.6875433144,41.2604596766],[28.6874060222,41.2604064719]],[[28.6871637109,41.261106512],[28.6868726924,41.2619472421],[28.6866958959,41.2626919187],[28.686719709,41.2628525798]],[[28.6903204164,41.261332551],[28.689464088,41.2610701491],[28.6888882586,41.2608536182],[28.6880602058,41.2605276326]],[[28.6903204164,41.261332551],[28.6914004687,41.2617812427],[28.6917059662,41.2618969723],[28.692734686,41.2622763971],[28.693646758,41.2625886866],[28.6941365237,41.2627258537],[28.6945653563,41.2628313616],[28.6948819696,41.2629046275],[28.695106878,41.2629458868],[28.6953419671,41.262991131],[28.6955977231,41.2630288672],[28.6958483544,41.2630665449],[28.6961501988,41.2631086738],[28.6964881026,41.2631434668],[28.6969747493,41.263179939],[28.6977737911,41.2631739984],[28.6986717566,41.2631079204],[28.6993181445,41.2629913463]],[[28.6902125317,41.2615076688],[28.689595172,41.261243636],[28.6891859049,41.2610984892],[28.6885827117,41.2608843373],[28.6883301492,41.2607804197]],[[28.6902125317,41.2615076688],[28.6899969961,41.2614819303],[28.6892034701,41.2613284727],[28.6885935804,41.2612381466],[28.6882894177,41.2612525485],[28.6879923122,41.26130872],[28.6878852467,41.2613343007],[28.6872562586,41.2618035871],[28.6867923914,41.2626328815]],[[28.6993181445,41.2629913463],[28.6996366315,41.2628520072],[28.7000422381,41.2627772179],[28.7001224652,41.2628710335],[28.700190727,41.2629313616],[28.7002298725,41.2630270947],[28.7002436238,41.2631296885],[28.7001848698,41.2632266995],[28.7000855058,41.263301811],[28.6999743663,41.2633339073],[28.6997662718,41.2633196458],[28.6995210069,41.2632692292]],[[28.6995210069,41.2632692292],[28.6993181445,41.2629913463]],[[28.6995210069,41.2632692292],[28.6992340468,41.2632516933],[28.6988521065,41.2632473768],[28.6983218572,41.2632390007],[28.6975797427,41.263247282],[28.6969956911,41.2632454373],[28.6963775814,41.2632098518],[28.6956620947,41.2631457255],[28.6951148239,41.2630621058],[28.6946652379,41.2629679815],[28.6940728898,41.2628296511],[28.6935933857,41.2626925965],[28.6929560358,41.262495687],[28.6921819902,41.2622081886],[28.691626947,41.2620005899],[28.6905978516,41.2616405022],[28.6902125317,41.2615076688]]]},"properties":{"YOL_ISMI":"Hasdal-Kemerburgaz Yassı Ören Yolu","ILCE_ADI":"İSTANBUL GENELİ","YAKA":"AVRUPA","UZUNLUK":44748.62207003,"ACIKLAMA":"15.02.2024 tarihli UKOME2024/2-1 sayılı kararıyla 1.Derece Acil Ulaşım Yol ağının güncellenmesi sağlanmıştır.","UKOME_GIRIS":"UKOME2024/2-1 (15.02.2024)","UKOME_OZET":"Bu yol ağlarının seçilmesinde; yolların kapanma risk analizleri, binaların yola yıkılma risk analizleri ve yolların kaliteleri göz önüne alınmıştır.","KAPSAM_1":"Cep içerisindeki parkomatlar dahil tüm parklanmaların kaldırılması,24 saat süreli park yasağı getirilerek gerekli levhalandırmaların yapılması,yollar üzerinde yeni parkomat alanlarına ve parklanmaya izin verilmemesi,bu yol ağı için daha önce alınmış varsa tüm UKOME kararlarının iptal edilmesi gerekmektedir.","KAPSAM_2":"1.Derece Acil Ulaşım Yolları ile ilgili olarak bu yollardan mahreç alan yapı stoğunun fiziki şartları da dikkate alınarak, bina yenileme uygulamalarında yol kademelendirilmesi yapılması ve çalışmalar sonucu ortaya çıkan 2.Derece Acil Ulaşım yol ağında kontrollü parklanma yasağı uygulanması gerekmektedir.","MAHALLE_ADI":"AKPINAR","TIP":"1. Derece Acil Ulaşım Yol Ağı","derece":1,"uzunluk_km":7.836}},{"type":"Feature","geometry":{"type":"MultiLineString","coordinates":[[[28.787109918223347,41.2426425309479],[28.7864629379,41.2427545971],[28.7843447485,41.2431217745],[28.7835819848,41.2432210723],[28.7817525115,41.2435123023],[28.7801791832,41.243788078],[28.7788027765,41.2440364502],[28.7768834341,41.2443797053],[28.7753046038,41.2446749439],[28.7746502505,41.2447700871],[28.7742061332,41.2448296045],[28.7728382942,41.2449958585],[28.7725104057,41.2450268987],[28.771576555,41.2451152975],[28.7702272311,41.2451972121],[28.7689948677,41.2452401686],[28.7668742479,41.2452353713],[28.7635850517,41.2451640992],[28.7604427572,41.2450938151],[28.7599220445,41.2450821595],[28.7571487112,41.2450234909],[28.754008986,41.2450592933],[28.7508515246,41.2452539365],[28.7483924661,41.2453839887],[28.7473121569,41.2454411057],[28.7435431935,41.2456397102],[28.7393447785,41.2458607848],[28.7361664685,41.2460022008],[28.7355443778,41.2460298694],[28.7317344663,41.246224891],[28.7301502555,41.2462618818]],[[28.786988304534866,41.24289390005537],[28.7864187854,41.2429923835]],[[28.7844038525,41.2426728557],[28.7869149159,41.2422385923],[28.787341288661505,41.24216588538179]],[[28.7844038525,41.2426728557],[28.7872340274,41.2422039683],[28.78732786533275,41.24218842060206]],[[28.7864187854,41.2429923835],[28.7857843494,41.2430939742],[28.783327997,41.2435332227]],[[28.7864187854,41.2429923835],[28.7849522753,41.2432622059],[28.783327997,41.2435332227]],[[28.783327997,41.2435332227],[28.7805570614,41.2440186853]],[[28.7805570614,41.2440186853],[28.7747216603,41.2450066758]],[[28.7805570614,41.2440186853],[28.7778770781,41.2444985925],[28.7750467021,41.2449747671],[28.7747216603,41.2450066758]],[[28.7762339615,41.2440730267],[28.7768538492,41.2439748556],[28.7805133867,41.2433404028],[28.7821900947,41.2430514511],[28.7832503158,41.2428681318],[28.7844038525,41.2426728557]],[[28.7728119172,41.2445554863],[28.7762339615,41.2440730267]],[[28.7728119172,41.2445554863],[28.7735992791,41.24447594],[28.7762339615,41.2440730267]],[[28.771091871,41.2447056572],[28.771716087,41.244665461],[28.7728119172,41.2445554863]],[[28.7747216603,41.2450066758],[28.7720850936,41.2453145449]],[[28.7747216603,41.2450066758],[28.7732893199,41.24515676],[28.7717546103,41.245315671],[28.7691747437,41.2454665718],[28.7676934121,41.2454651657],[28.7662045047,41.2454637342],[28.7646675185,41.2454305147]],[[28.7572659412,41.2452716318],[28.7548330174,41.2452987022],[28.7512905895,41.2454495441],[28.7465742909,41.2456966431],[28.7428227221,41.2459129827],[28.7403496851,41.2460555256],[28.7335044969,41.2463554262],[28.7332499483,41.246366571],[28.7309932338,41.2463565111],[28.7301502555,41.2462618818]],[[28.7316883837,41.2460637887],[28.7324929477,41.2458844444],[28.7338444914,41.2457971191],[28.7381098964,41.2455214178],[28.7422986439,41.2452770091],[28.7438857783,41.2451843617],[28.7481272463,41.2449846099],[28.7482904436,41.2449769212],[28.749461017,41.2449217642],[28.7514979714,41.2448153892],[28.7551371483,41.2446551874],[28.7552309099,41.244653771],[28.757389105,41.2446211467],[28.7611498105,41.2447042218],[28.7612458554,41.2447063421]],[[28.7316883837,41.2460637887],[28.733206818,41.2459941933],[28.7359651477,41.2458493084],[28.7361601488,41.2458392966],[28.7392501625,41.2456805987],[28.7422308011,41.2455193101],[28.7450130012,41.2453727555],[28.748072614,41.2452115127],[28.7482026735,41.2452046569],[28.7513495777,41.2450388313],[28.7549745578,41.2448587296],[28.758766761,41.2448671329],[28.7604507354,41.2449048546],[28.7618524462,41.2449362343],[28.7656052118,41.245020404],[28.7677426911,41.2450793876],[28.769359795,41.2450398545],[28.7713271539,41.2449436359],[28.7724938702,41.244840973],[28.7734544142,41.2447609177],[28.7745252399,41.2446102199],[28.7760599997,41.2443880004],[28.7770452015,41.2442077082],[28.7796000911,41.2437442358],[28.7811971488,41.2434695827],[28.7829693144,41.2431622662],[28.783534524,41.2430685917],[28.7843151527,41.2429388927],[28.787187542541577,41.24246159490128]],[[28.7031579868,41.2458997827],[28.7039529758,41.2458080847],[28.7061481745,41.2454817284],[28.7090922813,41.2450510665],[28.711792391,41.2446223045],[28.7122880221,41.2445485741],[28.7124233272,41.2445284456],[28.7133605261,41.2443890186],[28.714137919,41.2442834583],[28.7150280466,41.2442087157],[28.7157154176,41.2441853032],[28.716406458,41.2441939987],[28.7170964479,41.2442278615],[28.7183277766,41.2443681691],[28.7197185267,41.2446513808],[28.7239485535,41.2454221506],[28.7241897412,41.2454585867],[28.7258323076,41.2457067173],[28.7273904719,41.2459018648],[28.7291018993,41.2460283867],[28.7303403755,41.2460903833],[28.7312643976,41.2460832178],[28.7316883837,41.2460637887]],[[28.7031579868,41.2458997827],[28.7022398161,41.245934545],[28.7012234415,41.2460946092],[28.7003213756,41.2462202192],[28.699808734,41.2462859004],[28.6992025541,41.2462933464],[28.6986541693,41.246251414],[28.6980307578,41.2461728965],[28.6974652857,41.2460378563],[28.6969946285,41.245896739],[28.6965809187,41.2457491173],[28.6960934625,41.2455006035],[28.6956091365,41.2450948909],[28.6954277389,41.2448513281],[28.6952502014,41.2446129447],[28.6950905526,41.24439858],[28.6951618316,41.2446196064],[28.695240754,41.2448643348],[28.6960766727,41.2474562789]],[[28.7301502555,41.2462618818],[28.7297968901,41.2462701299],[28.7290588504,41.2462466931],[28.7267670052,41.2460555765],[28.7241352615,41.245633633],[28.7211774151,41.2450850765],[28.7188011487,41.244643392],[28.7178056037,41.2444881381],[28.716955059,41.2444002827],[28.7161697049,41.2443751943],[28.7153127554,41.2443860025],[28.7144595064,41.244441102],[28.7138205246,41.2445144811],[28.7123220134,41.2447364598],[28.7119955622,41.2447848157],[28.7083279587,41.245299296],[28.7041787672,41.2459487037],[28.7028701865,41.2461873822],[28.7027357341,41.2462119048]],[[28.7027357341,41.2462119048],[28.7005380135,41.2467301629],[28.7004681505,41.2467466367],[28.6986848454,41.2473271266],[28.6971599342,41.247973042],[28.696530708,41.2482615303]],[[28.7027357341,41.2462119048],[28.7017986625,41.2466942886],[28.7008004838,41.2473691304],[28.7000864486,41.2480400248],[28.6987572635,41.2491685114]],[[28.6938633205,41.2473311322],[28.6941312073,41.2467534235],[28.6944958595,41.2460357233],[28.6947659762,41.2453098028],[28.6947994238,41.2448950319],[28.6948195528,41.2446454079],[28.694841406,41.2443744155],[28.6948219227,41.2435732101],[28.6949557927,41.2443403384],[28.6950424416,41.2446286058],[28.6951159097,41.2448730186],[28.6958809422,41.2474180299]],[[28.6958809422,41.2474180299],[28.6954197322,41.2471983981],[28.6950190335,41.2471104757],[28.6946703599,41.2471839476],[28.6944151736,41.2473180362],[28.694237339,41.2475304255],[28.6941596947,41.2478630669],[28.6942882428,41.2481444447],[28.6945443288,41.2483617552],[28.6950154471,41.2484802562],[28.6954187615,41.2484371812],[28.6957354137,41.2484633195]],[[28.6960766727,41.2474562789],[28.6962407048,41.2480965924],[28.6962685849,41.2482034247]],[[28.6973563673,41.2476629686],[28.6978332625,41.247335318],[28.6980178652,41.24708757],[28.6980002413,41.2467974024],[28.697899418,41.2465474337],[28.6976939369,41.2463536965],[28.6974533676,41.2462417903],[28.6972200487,41.2462179217],[28.696858785,41.2462213071],[28.696602045,41.2463371635],[28.6963427804,41.2465182216],[28.6962263256,41.2467404184],[28.6961576129,41.2470143495],[28.6960766727,41.2474562789]],[[28.6973563673,41.2476629686],[28.6987146264,41.2471415814],[28.6998769826,41.2467517265],[28.7004754901,41.2465727535],[28.7015317322,41.2462568929],[28.7031579868,41.2458997827]],[[28.6962685849,41.2482034247],[28.6972804796,41.2477101631],[28.6973563673,41.2476629686]],[[28.6962685849,41.2482034247],[28.6963101404,41.2483626546]],[[28.696530708,41.2482615303],[28.6963101404,41.2483626546]],[[28.6960931345,41.2482889487],[28.696033159,41.2478981657],[28.6959383356,41.2476006604],[28.6958809422,41.2474180299]],[[28.6960931345,41.2482889487],[28.6962685849,41.2482034247]],[[28.6963101404,41.2483626546],[28.6962343868,41.2483973856],[28.6961193204,41.2484595611]],[[28.6963101404,41.2483626546],[28.6963655688,41.2485750395],[28.6963990908,41.2487034893]],[[28.6961193204,41.2484595611],[28.6960931345,41.2482889487]],[[28.6961193204,41.2484595611],[28.69458736,41.2492873165]],[[28.6957354137,41.2484633195],[28.6960931345,41.2482889487]],[[28.6963990908,41.2487034893],[28.6965856991,41.2489604965],[28.6967541102,41.2492024499],[28.6970044699,41.2493813963],[28.6973494945,41.2494855822],[28.6975929064,41.2494959824],[28.697868123,41.2494495722],[28.6981654593,41.2493113301],[28.6983259105,41.2491881536],[28.6984263344,41.2490135718],[28.6984926591,41.2487976193],[28.6984257353,41.2485403162],[28.6983354284,41.2483976578],[28.6981080816,41.248207607],[28.6978775967,41.2481326978],[28.6975819774,41.2480417103],[28.6971532914,41.2480634231],[28.696530708,41.2482615303]],[[28.6963990908,41.2487034893],[28.6962960984,41.2496367785],[28.6962407582,41.2498916772]],[[28.6987572635,41.2491685114],[28.6981152769,41.2495471844],[28.6972659887,41.2498734813],[28.6965830405,41.2499300723],[28.6962407582,41.2498916772]],[[28.6987572635,41.2491685114],[28.695733997,41.2518681151],[28.6940001775,41.2531383391]],[[28.6944370115,41.2491420429],[28.6941515551,41.2488662183],[28.6939414878,41.2484779041],[28.6938255272,41.2481192439],[28.6938154167,41.247676022],[28.6938633205,41.2473311322]],[[28.6944370115,41.2491420429],[28.6954219108,41.2486161341],[28.6957354137,41.2484633195]],[[28.69458736,41.2492873165],[28.6944370115,41.2491420429]],[[28.69458736,41.2492873165],[28.6943177735,41.2494329763],[28.69353745,41.249872541],[28.6922863854,41.2507711911]],[[28.6961022593,41.2498761399],[28.6957326584,41.2498346786],[28.6951309958,41.2496134543],[28.6946904285,41.2493869063],[28.69458736,41.2492873165]],[[28.6961022593,41.2498761399],[28.6961903531,41.248922381],[28.6961193204,41.2484595611]],[[28.6962407582,41.2498916772],[28.6961022593,41.2498761399]],[[28.6962407582,41.2498916772],[28.6961388625,41.2503610031],[28.695940697,41.2508018655],[28.6956358247,41.2513701622],[28.6952754193,41.2518735073],[28.6948295114,41.2523901747],[28.6940001775,41.2531383391]],[[28.6922863854,41.2507711911],[28.6918231503,41.2511039267],[28.6908232891,41.2519861815],[28.6897472902,41.2529355829],[28.6872820988,41.2550553552]],[[28.6955850551,41.2510806156],[28.6956316659,41.2504288106],[28.6954252766,41.2500929509],[28.6951760049,41.2499293201],[28.6948077964,41.24979412],[28.6944451074,41.2497780961],[28.6940404809,41.2498866663],[28.6936497343,41.250090683],[28.6931469854,41.2503708527],[28.6922863854,41.2507711911]],[[28.6955850551,41.2510806156],[28.6958639771,41.2506518048],[28.6960897894,41.2500111432],[28.6961022593,41.2498761399]],[[28.6897313466,41.2525603141],[28.691437324,41.250586386],[28.6921025211,41.2498732381],[28.6925426477,41.2493741676],[28.6927161461,41.2491774301],[28.6930242579,41.2487640274],[28.6932263384,41.2484441156],[28.6936208364,41.2476552886],[28.6938633205,41.2473311322]],[[28.6897313466,41.2525603141],[28.6904824082,41.2520000809],[28.6906643825,41.2518401998],[28.6916510143,41.2509733367],[28.6939213454,41.2494380308],[28.6940663997,41.2493399344],[28.6944370115,41.2491420429]],[[28.6940001775,41.2531383391],[28.6930231543,41.2538118628],[28.6921918877,41.2543384387],[28.6904449597,41.2555902911]],[[28.6872820988,41.2550553552],[28.6871812172,41.2551420965],[28.6858918291,41.256268778],[28.6848784647,41.2569703413],[28.6837719256,41.2577363842],[28.6828040793,41.2582714186],[28.6825616028,41.2584054593],[28.6814603618,41.2590149288],[28.680805034,41.2594531001],[28.6810693827,41.259400169],[28.6817624684,41.2590805427],[28.6822206602,41.2588518247],[28.6823923016,41.2587661444],[28.6827758083,41.2585355158],[28.6830094043,41.2583950379],[28.6833350094,41.2581992249],[28.6841107692,41.2577563461],[28.6845725193,41.2574927295],[28.6855163829,41.2568662478],[28.6860941662,41.25639043],[28.6868988358,41.2556194107],[28.6872820988,41.2550553552]],[[28.6904984384,41.2552835838],[28.691750391,41.2543155548],[28.6934828609,41.2533167994],[28.6940279271,41.2528941711],[28.6947590809,41.2522413768],[28.6952752959,41.2516814331],[28.6955180774,41.251210529],[28.6955850551,41.2510806156]],[[28.6804940973,41.2593944632],[28.6814239205,41.2588596801],[28.6824001772,41.2582981732],[28.6826294672,41.2581662914],[28.6830416702,41.2579292005],[28.6841658952,41.2572438988],[28.6848807218,41.2567114612],[28.6857527232,41.2560619348],[28.6879697676,41.2542042798],[28.6897313466,41.2525603141]]]},"properties":{"YOL_ISMI":"İstanbul Havalimanı Yolu","ILCE_ADI":"İSTANBUL GENELİ","YAKA":"AVRUPA","UZUNLUK":56895.77818939,"ACIKLAMA":"15.02.2024 tarihli UKOME2024/2-1 sayılı kararıyla 1.Derece Acil Ulaşım Yol ağının güncellenmesi sağlanmıştır.","UKOME_GIRIS":"UKOME2024/2-1 (15.02.2024)","UKOME_OZET":"Bu yol ağlarının seçilmesinde; yolların kapanma risk analizleri, binaların yola yıkılma risk analizleri ve yolların kaliteleri göz önüne alınmıştır.","KAPSAM_1":"Cep içerisindeki parkomatlar dahil tüm parklanmaların kaldırılması,24 saat süreli park yasağı getirilerek gerekli levhalandırmaların yapılması,yollar üzerinde yeni parkomat alanlarına ve parklanmaya izin verilmemesi,bu yol ağı için daha önce alınmış varsa tüm UKOME kararlarının iptal edilmesi gerekmektedir.","KAPSAM_2":"1.Derece Acil Ulaşım Yolları ile ilgili olarak bu yollardan mahreç alan yapı stoğunun fiziki şartları da dikkate alınarak, bina yenileme uygulamalarında yol kademelendirilmesi yapılması ve çalışmalar sonucu ortaya çıkan 2.Derece Acil Ulaşım yol ağında kontrollü parklanma yasağı uygulanması gerekmektedir.","MAHALLE_ADI":"BOLLUCA","TIP":"1. Derece Acil Ulaşım Yol Ağı","derece":1,"uzunluk_km":37.555}},{"type":"Feature","geometry":{"type":"MultiLineString","coordinates":[[[28.7612458554,41.2447063421],[28.7626185144,41.2447366328],[28.7679777868,41.2448078605],[28.7692437161,41.2448246495],[28.771091871,41.2447056572]],[[28.7646675185,41.2454305147],[28.7621108704,41.2453752126],[28.7572659412,41.2452716318]]]},"properties":{"YOL_ISMI":"DES-1 Küme Evler","ILCE_ADI":"İSTANBUL GENELİ","YAKA":"AVRUPA","UZUNLUK":2377.17637492,"ACIKLAMA":"15.02.2024 tarihli UKOME2024/2-1 sayılı kararıyla 1.Derece Acil Ulaşım Yol ağının güncellenmesi sağlanmıştır.","UKOME_GIRIS":"UKOME2024/2-1 (15.02.2024)","UKOME_OZET":"Bu yol ağlarının seçilmesinde; yolların kapanma risk analizleri, binaların yola yıkılma risk analizleri ve yolların kaliteleri göz önüne alınmıştır.","KAPSAM_1":"Cep içerisindeki parkomatlar dahil tüm parklanmaların kaldırılması,24 saat süreli park yasağı getirilerek gerekli levhalandırmaların yapılması,yollar üzerinde yeni parkomat alanlarına ve parklanmaya izin verilmemesi,bu yol ağı için daha önce alınmış varsa tüm UKOME kararlarının iptal edilmesi gerekmektedir.","KAPSAM_2":"1.Derece Acil Ulaşım Yolları ile ilgili olarak bu yollardan mahreç alan yapı stoğunun fiziki şartları da dikkate alınarak, bina yenileme uygulamalarında yol kademelendirilmesi yapılması ve çalışmalar sonucu ortaya çıkan 2.Derece Acil Ulaşım yol ağında kontrollü parklanma yasağı uygulanması gerekmektedir.","MAHALLE_ADI":"İHSANİYE","TIP":"1. Derece Acil Ulaşım Yol Ağı","derece":1,"uzunluk_km":1.443}},{"type":"Feature","geometry":{"type":"MultiLineString","coordinates":[[[28.6939213454,41.2494380308],[28.6936302898,41.2495369636],[28.6934104708,41.2496380988],[28.693224287,41.2497146016],[28.6931004246,41.2497525031],[28.6929675935,41.2497652888],[28.6928212722,41.2497421864],[28.6927039955,41.2496872534],[28.6926063676,41.2495968086],[28.6925514132,41.2495032747],[28.6925426477,41.2493741676],[28.6926334121,41.2491111274],[28.6927719397,41.248812531],[28.6929440176,41.248414259],[28.693089139,41.2481014441],[28.6932274737,41.2478123737],[28.6933525176,41.2475565055],[28.6934255517,41.2473762796],[28.6934729594,41.2472148215],[28.693514055,41.2470532918],[28.693536216,41.2468915471],[28.6935461328,41.2467106048],[28.6935365471,41.2465580297],[28.6934529329,41.2463188509],[28.6933609183,41.246184398],[28.6932680509,41.2460928165],[28.6931124495,41.2459814642],[28.6929123851,41.2458839015],[28.6926871693,41.2457812879],[28.6925120658,41.2456983008],[28.6923502511,41.2455821129],[28.6922384521,41.2454903156],[28.6921211966,41.2453555749],[28.6920480261,41.2452260998],[28.692028219,41.2451772535],[28.691987858,41.2450777137],[28.6919777999,41.2449489548],[28.6919816443,41.2448978372],[28.6919863917,41.2448347023],[28.6919953635,41.2447013956],[28.6920292943,41.2445826662],[28.6920891353,41.2444308796],[28.6921930597,41.2442843578],[28.6923283493,41.244147721],[28.6924252964,41.2440344721],[28.6925535149,41.243935872],[28.6926810684,41.2438706157],[28.6928849238,41.243777639],[28.6930629654,41.2437129555],[28.6932599401,41.2436484876],[28.693432049,41.2435646775],[28.6935853202,41.2434758904],[28.6937579026,41.2433682626],[28.6938999729,41.2432078782],[28.6940170822,41.2430329168],[28.694084177,41.2428335643],[28.6940937133,41.2426716762],[28.6940796173,41.2424285224],[28.6939721831,41.2421176048],[28.6938646563,41.2418114501],[28.6937760632,41.241505511],[28.6936637448,41.241123069],[28.6935867312,41.2408696713],[28.6935601109,41.2406216103],[28.6935511899,41.2404356892],[28.6935859694,41.2402740875],[28.6935960366,41.2402187167],[28.6936214128,41.2400791418],[28.6937595619,41.2398751699],[28.6937221959,41.240030354],[28.6937477805,41.2402098067],[28.6937744814,41.2402560586],[28.6948219227,41.2435732101]],[[28.6904449597,41.2555902911],[28.6898001835,41.2562361504],[28.6891668565,41.2572418511],[28.6887232954,41.2579566359],[28.6886515555,41.2580815098],[28.6880516366,41.2591257323],[28.6879765638,41.2592935326],[28.6877049528,41.2600461912],[28.687599618,41.2603156481],[28.6875859612,41.2603505824],[28.6875433144,41.2604596766],[28.6874948017,41.2605837746],[28.6874007477,41.2608243672],[28.6872299323,41.2613311783],[28.6871687834,41.2614729499],[28.6871425031,41.2615602889],[28.68709073,41.2617325826],[28.6867923914,41.2626328815],[28.6867317254,41.2628159494],[28.686719709,41.2628525798],[28.6863960568,41.2638391703],[28.6862789458,41.2642027209],[28.6861571158,41.2645321917]]]},"properties":{"YOL_ISMI":"Fatih Cad.","ILCE_ADI":"İSTANBUL GENELİ","YAKA":"AVRUPA","UZUNLUK":2844.09611875,"ACIKLAMA":"15.02.2024 tarihli UKOME2024/2-1 sayılı kararıyla 1.Derece Acil Ulaşım Yol ağının güncellenmesi sağlanmıştır.","UKOME_GIRIS":"UKOME2024/2-1 (15.02.2024)","UKOME_OZET":"Bu yol ağlarının seçilmesinde; yolların kapanma risk analizleri, binaların yola yıkılma risk analizleri ve yolların kaliteleri göz önüne alınmıştır.","KAPSAM_1":"Cep içerisindeki parkomatlar dahil tüm parklanmaların kaldırılması,24 saat süreli park yasağı getirilerek gerekli levhalandırmaların yapılması,yollar üzerinde yeni parkomat alanlarına ve parklanmaya izin verilmemesi,bu yol ağı için daha önce alınmış varsa tüm UKOME kararlarının iptal edilmesi gerekmektedir.","KAPSAM_2":"1.Derece Acil Ulaşım Yolları ile ilgili olarak bu yollardan mahreç alan yapı stoğunun fiziki şartları da dikkate alınarak, bina yenileme uygulamalarında yol kademelendirilmesi yapılması ve çalışmalar sonucu ortaya çıkan 2.Derece Acil Ulaşım yol ağında kontrollü parklanma yasağı uygulanması gerekmektedir.","MAHALLE_ADI":"TAYAKADIN","TIP":"1. Derece Acil Ulaşım Yol Ağı","derece":1,"uzunluk_km":2.845}},{"type":"Feature","geometry":{"type":"MultiLineString","coordinates":[[[28.6804940973,41.2593944632],[28.6802732214,41.2594551143],[28.6799682371,41.2595527711],[28.6796113186,41.2596993456],[28.6792477368,41.2598849439],[28.678682377,41.26021902],[28.6783606728,41.2604084248],[28.67805515,41.2606025895],[28.6776715812,41.260863378],[28.6771780949,41.2611760803],[28.6771187768,41.2612176819],[28.6767226529,41.2614563399],[28.6763438423,41.261688575],[28.6761877491,41.2618018374],[28.6751282482,41.2624684133],[28.6741749523,41.263083979],[28.6731727967,41.2637728253],[28.6726219164,41.2641595515],[28.6722636276,41.264546115],[28.6719787558,41.2648930248],[28.671818192,41.2650916397],[28.671786122,41.2651428449],[28.6715770237,41.265389959],[28.6713416311,41.2657048818],[28.6706244465,41.2666927138],[28.6698584019,41.2677638315],[28.6694721546,41.2682091411],[28.6691448583,41.2686038717],[28.6690836299,41.2686777142],[28.6689128379,41.2688836916],[28.6688030614,41.2690208894],[28.6686573906,41.2692104384],[28.668547401,41.269351136],[28.6682316264,41.2697550191],[28.6678176404,41.2702381208],[28.6674840398,41.2705773078],[28.6648810015,41.2728671737],[28.6646689108,41.2730273453],[28.6644092096,41.2732205269],[28.66430442,41.2732852681],[28.6641960065,41.2733465177],[28.664084173,41.2734041611],[28.6639691283,41.273458089],[28.6639296023,41.2734762124],[28.6638050227,41.2735462347],[28.6636105525,41.2736368855],[28.6632524813,41.2737909116],[28.6628539604,41.2739154031],[28.6625293023,41.2740102571],[28.6622376223,41.274098348],[28.6618045278,41.2741838398],[28.6614302202,41.2742357097],[28.6611688212,41.2742618936],[28.6608621513,41.274281513],[28.6596933546,41.2743331842],[28.6588310981,41.2743731683],[28.6578240354,41.2744219408],[28.6576406159,41.2744350482],[28.6573469616,41.2744649755],[28.6569129955,41.2745309047],[28.656528637,41.2746107515],[28.6560726597,41.2747335953],[28.6556968506,41.2748583271],[28.6554638697,41.2749475617],[28.6552981781,41.2750199532],[28.6549532807,41.275176966],[28.6543301009,41.2754659],[28.6539304982,41.2756519487],[28.6530588654,41.2760548395],[28.6520414528,41.2765241183],[28.6519940389,41.2765459881],[28.6512211753,41.2769052353],[28.6502110852,41.277374615],[28.6499649973,41.2774860791],[28.6495689095,41.2776434278],[28.6492381099,41.2777586595],[28.6488453984,41.2778745942],[28.6485025578,41.277961096],[28.64811436,41.2780418229],[28.6480530744,41.2780519078],[28.6479580932,41.2780679076],[28.6476954572,41.2781107529],[28.646948622,41.2781863084],[28.6462685688,41.2782392993],[28.6454897238,41.2783049401],[28.6451993722,41.2783267753],[28.6446834309,41.2783540536],[28.6434685263,41.2784016816],[28.6431410005,41.2784159055],[28.6429646699,41.2784248061],[28.6427830991,41.2784419615],[28.6425719157,41.2784684159],[28.6421242351,41.2785388923],[28.6416264865,41.2786480834],[28.6407745354,41.2788420881],[28.6401280916,41.2789869187],[28.6392420864,41.2791860876],[28.6381394693,41.2794368848],[28.6372898978,41.2796299193],[28.6363507202,41.2798415396],[28.6353440854,41.2800696236],[28.63505616,41.280135218],[28.6349688656,41.280155105],[28.6345231609,41.280251066],[28.6342348323,41.2802964813],[28.6339912009,41.2803186047],[28.6338402301,41.2803269369],[28.6335623657,41.2803248299],[28.633235937,41.2803042782],[28.6328858224,41.2802762025],[28.6325803532,41.2802520128],[28.632285997,41.2802362018],[28.6319980108,41.2802349233],[28.6317534,41.2802434508],[28.6314325524,41.2802732262],[28.6312112031,41.2803020402],[28.6310352285,41.2803356819],[28.6307077255,41.2804118306],[28.6303616729,41.2805142012],[28.6302471149,41.2805557188],[28.6300006048,41.2806549851],[28.6297767816,41.2807566639],[28.6296302329,41.2808328197],[28.6293855466,41.2809807048],[28.6291980332,41.2811128318],[28.6290603125,41.2812198231],[28.6288120221,41.281449138],[28.6285942214,41.2816753438],[28.6283504445,41.2819285267],[28.6281292757,41.2821561608],[28.6274103036,41.2828956242],[28.627230586,41.2830697691],[28.6269977837,41.2832680052],[28.6268540144,41.2833807714],[28.6267391399,41.2834629378],[28.6265228933,41.2836092497],[28.6263429039,41.2837208547],[28.6259914396,41.2839143888],[28.6257417981,41.2840340958],[28.6254605793,41.2841534243],[28.6250675981,41.2842934541],[28.624782317,41.2843805724],[28.6244099306,41.2844797515],[28.6240935604,41.2845432694],[28.6237196042,41.2846043106],[28.6233753043,41.2846442662],[28.6229405161,41.2846694388],[28.6227027661,41.2846737405],[28.6225149227,41.2846703024],[28.6221362777,41.2846538582],[28.6218257944,41.2846251274],[28.621500614,41.2845819262],[28.6212291993,41.2845351985],[28.6209431117,41.2844728103],[28.620674517,41.2844046751],[28.6204061236,41.284327012],[28.6201599429,41.2842457041],[28.6199375115,41.2841588046],[28.619689393,41.2840557733],[28.6195306726,41.2839818066],[28.6193056985,41.2838671408],[28.6190926398,41.2837490448],[28.6188673544,41.2836117433],[28.6184835338,41.2833501619],[28.6163580966,41.2816915786],[28.6159872733,41.2813855815],[28.6156878008,41.2811041574],[28.6155112536,41.2809227358],[28.6148437769,41.280236819],[28.6144440595,41.2798001168],[28.6142584406,41.2795973206],[28.6140535892,41.2793735098],[28.6134710167,41.2786753238],[28.6133711811,41.2785765005],[28.6131847753,41.27838661],[28.612298854,41.2775931342],[28.6117186749,41.277021954],[28.6104827321,41.2757468586],[28.6104045812,41.2756572938],[28.6103090724,41.2755375042],[28.6102339979,41.275436899],[28.6101706943,41.2753396529],[28.6100793879,41.2751781044],[28.610017593,41.2750544322],[28.6099684254,41.2749384171],[28.6099336711,41.2748350833],[28.6099018727,41.2747264253],[28.6098752461,41.274619616],[28.6098553535,41.2745525527],[28.6098386647,41.2744015528],[28.609830448,41.2743199804],[28.6098249372,41.2742002039],[28.6098317061,41.2740151835],[28.6098557,41.2737996391],[28.6098920123,41.273583886],[28.6099337054,41.2733378243],[28.6099512992,41.2732229728],[28.6099607215,41.2731137402],[28.6099630939,41.2730019202],[28.6099601926,41.2729154094],[28.609951708,41.2728241843],[28.6099326705,41.2726788149],[28.60991739,41.2726105116],[28.6098817363,41.2724897184],[28.6098378233,41.272370483],[28.6097954907,41.2722619866],[28.6097372446,41.2721497928],[28.6096842937,41.2720558868],[28.6096191687,41.2719554023],[28.6095003051,41.2717981654],[28.6094008409,41.271686545],[28.6093062741,41.2715896357],[28.6092114649,41.2715041573],[28.6091161153,41.2714218886],[28.6090121272,41.2713448753],[28.6089104244,41.2712718207],[28.6087991458,41.2712036537],[28.6085995099,41.2710998662],[28.6084405766,41.2710230283],[28.6082758463,41.2709534862],[28.6080609411,41.270882055],[28.6079098153,41.2708391338],[28.6078261526,41.2708180478],[28.6075494128,41.2707482979],[28.6070901352,41.270629821],[28.6069753049,41.2705951982],[28.6068290211,41.2705473316],[28.6065786374,41.2704503195],[28.606455716,41.2703952306],[28.6062517597,41.2702955591],[28.6061296479,41.2702269054],[28.6059992095,41.2701467104],[28.6058847735,41.2700713551],[28.6057309098,41.2699569289],[28.6056210238,41.2698680497],[28.6055127721,41.2697691832],[28.6053694612,41.2696262971],[28.6052577719,41.2695109522],[28.6050089397,41.2691594056],[28.604777895,41.2688479863],[28.6045955845,41.2686017114],[28.6042537276,41.2681301645],[28.603954113,41.267721306],[28.6037102872,41.2673838767],[28.6029516401,41.2663379597],[28.6026099704,41.2658789804],[28.6024669383,41.2656792769],[28.6022275935,41.2653100953],[28.6019220417,41.2649057919],[28.6017974502,41.2647350662],[28.6016518166,41.2645364384],[28.6015111598,41.2643438],[28.6014245667,41.2642247666],[28.6011433085,41.2638395131],[28.6008161413,41.2633913544],[28.6004572756,41.2629323073],[28.600110949,41.2624607368],[28.6000102324,41.2623342321],[28.5998434128,41.2621390476],[28.5996712194,41.261952922],[28.5995279775,41.261808243],[28.5994077206,41.2616960034],[28.5992723366,41.2615825083],[28.5991242237,41.2614501399],[28.5989573339,41.2613203168],[28.5983997537,41.2609158705],[28.5981675008,41.2607558915],[28.5978033186,41.2604831875],[28.5976686795,41.2603721566],[28.597532946,41.2602378472],[28.5973677648,41.260064318],[28.5972175324,41.2598852462],[28.5966444678,41.2591654833],[28.5953410829,41.2575015076],[28.5945637534,41.2565340345],[28.5940436922,41.2558893092],[28.5937972558,41.2555336569],[28.5934552279,41.2549958528],[28.593267826,41.2546276471],[28.593119461,41.2543234459],[28.5930933142,41.2542612742],[28.5929934227,41.2540237511],[28.5929572128,41.2539376519],[28.5927966689,41.2534754329],[28.5926599334,41.2529630001],[28.5924130089,41.2518193452],[28.5923592565,41.2516176232],[28.5923145397,41.2514655636],[28.5922150449,41.251218495],[28.5921409882,41.2510803702],[28.5920912784,41.2509844705],[28.5919875416,41.2508173953],[28.5917720239,41.2505050624],[28.5915901538,41.2502722328],[28.5914480388,41.2501285099],[28.5912265489,41.2499180639],[28.5908991507,41.2496842336],[28.5907029677,41.2495545181],[28.5905937286,41.2494822904],[28.5899236426,41.2491716999],[28.5896363989,41.2490639972],[28.5889183223,41.2488698139],[28.588777647,41.2488509596],[28.5880691339,41.2487559958],[28.5870157318,41.2487520046],[28.5862648449,41.2488082988],[28.5851716618,41.2489249198],[28.5843084005,41.2489957813],[28.584010795,41.2490078436],[28.5836794232,41.2490187577],[28.5833839277,41.2490208393],[28.5830986942,41.2490154237],[28.5828060107,41.2490041973],[28.5825562442,41.2489934987],[28.5822965864,41.2489731489],[28.5820143315,41.2489468026],[28.5817346018,41.2489204868],[28.5809963111,41.2488465905],[28.5769273599,41.2484084533],[28.5766561905,41.2483892423]],[[28.680805034,41.2594531001],[28.6802910317,41.2596236449],[28.6797483754,41.2597964275],[28.679445707,41.2599458576],[28.6792068097,41.2600762523],[28.6788489393,41.2602827894],[28.6783920816,41.2605626145],[28.6778333846,41.260925244],[28.6774802731,41.261154624],[28.6773413121,41.2612383809],[28.6772156767,41.261305006],[28.6771868899,41.2613223157],[28.6769244307,41.2614801344],[28.6764799475,41.2617485375],[28.6762667482,41.2618827393],[28.6759983448,41.2620302654],[28.6757813382,41.2621568529],[28.6750400394,41.2626150999],[28.674329331,41.2631000506],[28.6729973296,41.2640185604],[28.6727345386,41.2642108784],[28.6724280089,41.2645360996],[28.6719073511,41.2651447235],[28.6718360838,41.2652446513],[28.6717847492,41.2653279258],[28.6715759429,41.2655879783],[28.6710158956,41.2663800769],[28.6700181728,41.2677674298],[28.6696897295,41.268269016],[28.6693610567,41.2687817651],[28.6692777798,41.2689038947],[28.6691669143,41.2690664848],[28.6690938641,41.2691673356],[28.6690539931,41.2692347198],[28.669024538,41.2692791871],[28.6689897748,41.2693214159],[28.6689405256,41.2693712502],[28.6686845633,41.2696562869],[28.6682051954,41.2701170353],[28.6673259705,41.2708817902],[28.6664532954,41.2716408228],[28.665082276,41.2728427818],[28.6648634316,41.273021364],[28.6646322822,41.2731908919],[28.6643894832,41.2733508841],[28.6641666692,41.2734955202],[28.6638242221,41.2736577096],[28.6634518815,41.2738224105],[28.6631897016,41.2739272829],[28.662796383,41.2740752996],[28.6626110496,41.2741281773],[28.6624647649,41.2741707884],[28.6623153186,41.2742058578],[28.6621121711,41.274249594],[28.6619495592,41.2742798649],[28.6617052635,41.2743206198],[28.6615660902,41.2743397277],[28.6612805949,41.2743567763],[28.6611602743,41.2743652812],[28.6609940875,41.2743770286],[28.6602345585,41.2744121441],[28.6596575667,41.2744386594],[28.6589980795,41.2744688567],[28.6585709114,41.2744881791],[28.6579474663,41.2745162883],[28.6577112774,41.2745310441],[28.6575238141,41.2745488691],[28.6571491192,41.2745963131],[28.6568681807,41.2746452074],[28.6565641658,41.2747106266],[28.6562894236,41.2747806753],[28.6559385931,41.2748884273],[28.6556747457,41.2749814707],[28.655385744,41.2750999491],[28.6551830718,41.2751894183],[28.654666109,41.2754292291],[28.6544132655,41.2755459659],[28.6542864126,41.2756045334],[28.6538435577,41.2758105446],[28.6535250518,41.275958332],[28.6526102224,41.2763807252],[28.6520068381,41.2766606033],[28.6516341249,41.2768334828],[28.6507804611,41.2772287054],[28.6501912579,41.2775015964],[28.6500344465,41.2775715831],[28.6498041815,41.2776660791],[28.6495645248,41.2777565343],[28.649297379,41.2778477379],[28.6490208635,41.2779338283],[28.6486193549,41.2780398916],[28.6483362122,41.2781026753],[28.6481399013,41.2781376891],[28.6480698217,41.2781503637],[28.6479301861,41.2781750923],[28.6475158767,41.2782356183],[28.6472030811,41.2782662473],[28.6458493647,41.2783761136],[28.6450867661,41.2784425388],[28.6448246554,41.278473043],[28.6438834487,41.2785863131],[28.6433097445,41.2786578106],[28.6431711419,41.2786715429],[28.6428575947,41.2786965436],[28.6423849324,41.2787289759],[28.6418187883,41.2787784002],[28.6414083117,41.2788364481],[28.6412604939,41.2788604318],[28.6408496531,41.2789359832],[28.6404324317,41.2790221778],[28.6397656202,41.2791743894],[28.6393420456,41.279269796],[28.6385191439,41.2794562461],[28.6380141826,41.2795699813],[28.6373159546,41.2797289533],[28.6363274223,41.2799523766],[28.6359114538,41.2800460743],[28.6353669522,41.2801700492],[28.6349482277,41.2802658491],[28.634800878,41.2803111971],[28.6345285541,41.2803747656],[28.6341443692,41.2804628625],[28.6339360195,41.2805043424],[28.6337127926,41.2805368917],[28.6334242969,41.2805599094],[28.6331181478,41.2805662802],[28.6328584086,41.2805380225],[28.6325112317,41.2805204628],[28.6319029561,41.2804807424],[28.6315727311,41.2804747244],[28.6314200432,41.2804750052],[28.6312366049,41.2804853898],[28.6309332148,41.2805236639],[28.6306432208,41.2805851339],[28.6301599719,41.2807280682],[28.6299191007,41.2808299072],[28.6295092524,41.2810470073],[28.629292391,41.2811952018],[28.6290917881,41.2813624364],[28.6288963849,41.2815464851],[28.6274547562,41.2830433501],[28.6272863661,41.2832002906],[28.6271199084,41.2833424525],[28.6269569065,41.2834701646],[28.6267870209,41.2835926666],[28.6266105423,41.2837097458],[28.6264277771,41.2838212017],[28.6262390385,41.2839268423],[28.6260446525,41.2840264853],[28.6258449523,41.28411996],[28.6256402827,41.2842071037],[28.6251604482,41.284393077],[28.6248823319,41.2844753813],[28.6243798603,41.2846063401],[28.6240620321,41.2846700773],[28.6236756071,41.2847282843],[28.6233730065,41.2847607908],[28.6229622611,41.2847872901],[28.6226602567,41.2847915316],[28.6223689558,41.2847817644],[28.6221206265,41.2847560293],[28.6218306475,41.2847284372],[28.6215483371,41.2846928957],[28.6212662451,41.2846469343],[28.6209918734,41.2845906418],[28.6207495088,41.2845329458],[28.6204496587,41.2844492478],[28.6201849686,41.2843644822],[28.619871158,41.2842492774],[28.6196759249,41.2841666058],[28.6193518805,41.2840135301],[28.6192183312,41.2839440328],[28.6189651231,41.2838016325],[28.6187383133,41.2836640036],[28.618534026,41.2835210091],[28.6182298754,41.2832859801],[28.6179712446,41.2830827636],[28.6177564776,41.2829149145],[28.617557267,41.28275827],[28.6171398352,41.2824292666],[28.6169487516,41.282280461],[28.6165364419,41.2819556281],[28.6164490036,41.2818867403],[28.6162498369,41.2817283067],[28.6159631622,41.281489015],[28.6157999794,41.281346499],[28.6156280156,41.2811898807],[28.6154539683,41.2810198367],[28.6153349431,41.280898696],[28.6152533947,41.2808161221],[28.6151660336,41.2807284162],[28.6148464904,41.2803998537],[28.61478741,41.2803381128],[28.614259172,41.2798003266],[28.6140203874,41.2795931714],[28.6136002992,41.2792236247],[28.6132043321,41.278868603],[28.613111915,41.2787464247],[28.6129075781,41.2785470392],[28.6125185398,41.2781186129],[28.6123750987,41.2779443663],[28.6121889312,41.2776987729],[28.6120321087,41.2775214275],[28.6117305639,41.2771994004],[28.6115566887,41.2770222052],[28.6111928268,41.2766458241],[28.6103492142,41.2757744498],[28.6102225228,41.2756285542],[28.6101511772,41.2755308536],[28.6100653139,41.2754029606],[28.6099664612,41.2752398911],[28.6099087303,41.2751255599],[28.6098550393,41.2749994841],[28.6098146942,41.2748917952],[28.6097823693,41.2747856311],[28.6097435853,41.2746611922],[28.6097187712,41.2745394502],[28.6097005856,41.2744170438],[28.6096890586,41.2742941784],[28.6096905239,41.274140665],[28.6097026721,41.273925335],[28.6097281553,41.2737512597],[28.6097658739,41.2735362386],[28.609802271,41.2733225115],[28.609816001,41.273211187],[28.6098282588,41.2730724956],[28.6098288087,41.2729795941],[28.6098227808,41.2728574173],[28.6098098868,41.2727507738],[28.6097903031,41.2726469083],[28.609762226,41.2725415112],[28.6097265422,41.2724374512],[28.6096864369,41.2723333855],[28.6096398481,41.2722372937],[28.6095846127,41.2721320439],[28.6094821904,41.2719738154],[28.6094053472,41.2718749755],[28.6093243442,41.2717787055],[28.6092397785,41.2716866808],[28.6091431921,41.2715957021],[28.609050116,41.2715178682],[28.6089453999,41.2714379873],[28.6088464695,41.2713681823],[28.6087292866,41.2712955356],[28.6086182397,41.2712313014],[28.6085157938,41.2711783682],[28.6083922648,41.2711220819],[28.6082555174,41.2710637304],[28.6081405378,41.2710211268],[28.6079925148,41.2709733595],[28.6077378961,41.2709045294],[28.6070815681,41.270734832],[28.6069472331,41.2706967579],[28.606819584,41.2706561434],[28.6066838885,41.2706078088],[28.6065614663,41.2705589188],[28.6063959134,41.2704892587],[28.6062162337,41.2704008442],[28.6061713111,41.270376006],[28.6060892127,41.2703306967],[28.6059575732,41.2702545632],[28.6058454602,41.2701818065],[28.6057392702,41.2701061935],[28.6056406566,41.2700306721],[28.6055438273,41.2699514555],[28.605449361,41.2698679797],[28.6053615293,41.2697844411],[28.6052788253,41.2697002497],[28.6051922382,41.2696027188],[28.6051061059,41.2695023336],[28.6049811082,41.2693298904],[28.6047863006,41.2690625016],[28.6044789488,41.2686456444],[28.6044119001,41.2685547065],[28.6038588975,41.2677975835],[28.6030362296,41.2666689572],[28.6024160465,41.2658313718],[28.6014462844,41.2644606374],[28.6012891205,41.264249649],[28.6010126713,41.2638801878],[28.6006390958,41.263351947],[28.6000813177,41.2626008566],[28.599903053,41.2623785079],[28.5997112863,41.2621626512],[28.5995545241,41.262001002],[28.5993901858,41.261843694],[28.5992184855,41.2616909303],[28.5990396409,41.2615429074],[28.5987921289,41.2613544493],[28.5985558062,41.2611901538],[28.5979212175,41.2607308101],[28.5976883268,41.2605474051],[28.5975438781,41.2604202646],[28.5974069744,41.2602884565],[28.5972778798,41.260152235],[28.5971568429,41.2600118646],[28.5970636139,41.2598936474],[28.5969761021,41.259772968],[28.5951122617,41.2574190885],[28.594403827,41.2565366307],[28.593872807,41.255861208],[28.5936912011,41.2556150457],[28.5934689224,41.2552635685],[28.5932799358,41.2549382632],[28.5930913259,41.2545774247],[28.5929614947,41.2542986688],[28.5927715784,41.2538144814],[28.5926179151,41.2533322163],[28.5924377773,41.252547673],[28.5923563535,41.252164559],[28.592260579,41.2517441069],[28.59218117,41.2514237663],[28.592120399,41.2512874751],[28.5920525746,41.2511530919],[28.5919171193,41.2509229544],[28.5917213345,41.2506311792],[28.5915776347,41.2504436036],[28.5914233458,41.250278768],[28.5910008843,41.2499019619],[28.5902562223,41.2494773754],[28.5894416766,41.2491480316],[28.5888571551,41.2490191643],[28.5887257285,41.2489901885],[28.5885772583,41.2489574553],[28.588416856,41.2489304748],[28.5877031682,41.2488716931],[28.5873670883,41.2488675696],[28.5869343998,41.2489076604],[28.5865210922,41.2489278386],[28.585251987,41.2490532795],[28.5845536882,41.2491152113],[28.5839935429,41.2491526335],[28.5830011135,41.2491532858],[28.5824577432,41.2491446909],[28.5810342677,41.2490029569],[28.5784608693,41.2487415399],[28.5769042018,41.2485475038],[28.5766540968,41.2485234561]]]},"properties":{"YOL_ISMI":"Tayakadın-Yassıören Cad.","ILCE_ADI":"İSTANBUL GENELİ","YAKA":"AVRUPA","UZUNLUK":24145.5246706,"ACIKLAMA":"15.02.2024 tarihli UKOME2024/2-1 sayılı kararıyla 1.Derece Acil Ulaşım Yol ağının güncellenmesi sağlanmıştır.","UKOME_GIRIS":"UKOME2024/2-1 (15.02.2024)","UKOME_OZET":"Bu yol ağlarının seçilmesinde; yolların kapanma risk analizleri, binaların yola yıkılma risk analizleri ve yolların kaliteleri göz önüne alınmıştır.","KAPSAM_1":"Cep içerisindeki parkomatlar dahil tüm parklanmaların kaldırılması,24 saat süreli park yasağı getirilerek gerekli levhalandırmaların yapılması,yollar üzerinde yeni parkomat alanlarına ve parklanmaya izin verilmemesi,bu yol ağı için daha önce alınmış varsa tüm UKOME kararlarının iptal edilmesi gerekmektedir.","KAPSAM_2":"1.Derece Acil Ulaşım Yolları ile ilgili olarak bu yollardan mahreç alan yapı stoğunun fiziki şartları da dikkate alınarak, bina yenileme uygulamalarında yol kademelendirilmesi yapılması ve çalışmalar sonucu ortaya çıkan 2.Derece Acil Ulaşım yol ağında kontrollü parklanma yasağı uygulanması gerekmektedir.","MAHALLE_ADI":"BAKLALI","TIP":"1. Derece Acil Ulaşım Yol Ağı","derece":1,"uzunluk_km":24.118}},{"type":"Feature","geometry":{"type":"MultiLineString","coordinates":[[[28.808385225439853,41.13694093153367],[28.8083830662,41.1370602822],[28.8083827025,41.1370803757],[28.8083485227,41.137227728],[28.80796567,41.1376320806],[28.8078421124,41.1377071184],[28.8077458178,41.1377655986],[28.807459543,41.1379127235],[28.8065346752,41.138346262],[28.8057226816,41.1387764803],[28.8055198935,41.138883922],[28.8052790751,41.1390115119]],[[28.8102815094,41.1364614344],[28.809646128,41.1367131938],[28.809281662,41.1370024561],[28.8092182334,41.1371011388],[28.809028819,41.1373958313],[28.8089818672,41.1375525809],[28.8089001317,41.1378900299],[28.8088314308,41.1382037904],[28.8087769682,41.1384271677],[28.8086838351,41.1386977931],[28.8086079227,41.1388303892]],[[28.8086079227,41.1388303892],[28.8084560454,41.1390956724],[28.8082116761,41.1393647328],[28.8080064936,41.1395579619],[28.8077132638,41.1397407511],[28.8073952564,41.1398994588],[28.8071223941,41.1400014569],[28.8068372727,41.1400842682],[28.8065527563,41.140133732],[28.8063358979,41.1401543968],[28.8062370768,41.1401638138],[28.8060917693,41.1401623077],[28.8059409064,41.1401607439],[28.8056261774,41.1401384217],[28.8052362632,41.1400914965],[28.8049034087,41.140026102],[28.8046085367,41.1399515708],[28.8043455183,41.1398583123],[28.8042542074,41.1398233818],[28.8040925621,41.139761546],[28.8040638572,41.1397505645],[28.804013668234912,41.13972625025777]],[[28.8086079227,41.1388303892],[28.8084693554,41.1391785772],[28.8083793702,41.1393622791],[28.8082898685,41.1395191833],[28.8081241897,41.1397497482],[28.8079221469,41.1400305624],[28.8076356695,41.1404057957],[28.8075062417,41.1405920663],[28.8074008746,41.1407547617],[28.8073193,41.1409087704],[28.8072371854,41.141092552],[28.8071667782,41.141282411],[28.8071163322,41.1414575874],[28.8070812082,41.1416567456],[28.8070663168,41.1418263331],[28.8070545553,41.1420406234],[28.8069561647,41.1426746146]],[[28.8064679086,41.1413890351],[28.8064057291,41.1413251519],[28.8063141748,41.1411604168],[28.8062186828,41.1409956399],[28.8061265354,41.1408636555],[28.8060146403,41.140734445],[28.8058945465,41.1406230153],[28.805774345,41.1405175416],[28.8056185895,41.1404176544],[28.8053998744,41.1403141364],[28.8051767871,41.1402343958],[28.8049415631,41.1401723966],[28.8047648207,41.1401437619],[28.8045131398,41.1401203035],[28.8043044557,41.1401151597],[28.8041229644,41.1401311434],[28.8036167592,41.1402456967],[28.8034576311,41.1403131533],[28.8030736942,41.1404759075]],[[28.8012658698,41.1415796604],[28.801328844644658,41.14151449089667]]]},"properties":{"YOL_ISMI":"Fenertepe Kavşağı","ILCE_ADI":"İSTANBUL GENELİ","YAKA":"AVRUPA","UZUNLUK":5136.95468999,"ACIKLAMA":"15.02.2024 tarihli UKOME2024/2-1 sayılı kararıyla 1.Derece Acil Ulaşım Yol ağının güncellenmesi sağlanmıştır.","UKOME_GIRIS":"UKOME2024/2-1 (15.02.2024)","UKOME_OZET":"Bu yol ağlarının seçilmesinde; yolların kapanma risk analizleri, binaların yola yıkılma risk analizleri ve yolların kaliteleri göz önüne alınmıştır.","KAPSAM_1":"Cep içerisindeki parkomatlar dahil tüm parklanmaların kaldırılması,24 saat süreli park yasağı getirilerek gerekli levhalandırmaların yapılması,yollar üzerinde yeni parkomat alanlarına ve parklanmaya izin verilmemesi,bu yol ağı için daha önce alınmış varsa tüm UKOME kararlarının iptal edilmesi gerekmektedir.","KAPSAM_2":"1.Derece Acil Ulaşım Yolları ile ilgili olarak bu yollardan mahreç alan yapı stoğunun fiziki şartları da dikkate alınarak, bina yenileme uygulamalarında yol kademelendirilmesi yapılması ve çalışmalar sonucu ortaya çıkan 2.Derece Acil Ulaşım yol ağında kontrollü parklanma yasağı uygulanması gerekmektedir.","MAHALLE_ADI":"BAŞAK","TIP":"1. Derece Acil Ulaşım Yol Ağı","derece":1,"uzunluk_km":1.958}},{"type":"Feature","geometry":{"type":"MultiLineString","coordinates":[[[28.7487199501,41.1759204571],[28.7485599622,41.1759544459],[28.7484561002,41.1759765099],[28.7481576412,41.1760399149],[28.7475858279,41.1760651444],[28.746869025,41.1761836334],[28.7464625012,41.1763373961],[28.7442372315,41.1772166719],[28.7430726882,41.1777661964],[28.7421881889,41.1781805945],[28.7414829553,41.1784540046],[28.7404500357,41.1787142968],[28.7387665005,41.1790293977],[28.7350951791,41.1797371816],[28.7336390385,41.1800308809],[28.7326001266,41.1802719786],[28.7317931215,41.1805870907],[28.7311814787,41.1809091146],[28.7305488902,41.1813357261],[28.7302983847,41.1815711972],[28.7298009111,41.182185116],[28.729336336,41.182727926],[28.7289124416,41.1831234789],[28.7283317361,41.1834744168],[28.72764292,41.1837022641],[28.7268907391,41.1839512425],[28.7263115004,41.1840627624],[28.7253820276,41.1841846973],[28.7250789874,41.1841986944],[28.7250102015,41.1842018721],[28.7246955398,41.1842164049],[28.7242708871,41.184161673],[28.7235920427,41.184043372]],[[28.7237134273,41.1837984225],[28.7245248945,41.1839534894],[28.7249084735,41.1839686187],[28.7249933943,41.1839613932],[28.7250902114,41.1839531549],[28.7261183477,41.1838656693],[28.7264917826,41.183780855],[28.727150885,41.1837075468],[28.7279338465,41.1835033751],[28.7283802052,41.1832510132],[28.7289874212,41.1828336629],[28.7294385597,41.1823335879],[28.7301743952,41.1814602435],[28.7308923585,41.180858282],[28.7317392242,41.1804387928],[28.7325206405,41.1801424583],[28.7338075595,41.179794501],[28.7349906512,41.1795978581],[28.7361235695,41.1793863593],[28.738971918,41.178841061],[28.740003383,41.1786569999],[28.7408071326,41.1785085577],[28.7417011553,41.1782562727],[28.7424073883,41.1779304614],[28.7435208627,41.1774137384],[28.7449143727,41.1767618813],[28.7459323274,41.1762917395],[28.74654889,41.1760363958],[28.7469146124,41.1759902556],[28.7471051634,41.1759662144],[28.7480515202,41.175895602],[28.7484940426,41.175828591],[28.748574245,41.1758164462],[28.748646005,41.1758055792],[28.7489485314,41.1757314401],[28.7491367914,41.1756940167]]]},"properties":{"YOL_ISMI":"Gazi Fahrettin Paşa Cad.","ILCE_ADI":"ARNAVUTKÖY","YAKA":"AVRUPA","UZUNLUK":4782.20917762,"ACIKLAMA":"15.02.2024 tarihli UKOME2024/2-1 sayılı kararıyla 1.Derece Acil Ulaşım Yol ağının güncellenmesi sağlanmıştır.","UKOME_GIRIS":"UKOME2024/2-1 (15.02.2024)","UKOME_OZET":"Bu yol ağlarının seçilmesinde; yolların kapanma risk analizleri, binaların yola yıkılma risk analizleri ve yolların kaliteleri göz önüne alınmıştır.","KAPSAM_1":"Cep içerisindeki parkomatlar dahil tüm parklanmaların kaldırılması,24 saat süreli park yasağı getirilerek gerekli levhalandırmaların yapılması,yollar üzerinde yeni parkomat alanlarına ve parklanmaya izin verilmemesi,bu yol ağı için daha önce alınmış varsa tüm UKOME kararlarının iptal edilmesi gerekmektedir.","KAPSAM_2":"1.Derece Acil Ulaşım Yolları ile ilgili olarak bu yollardan mahreç alan yapı stoğunun fiziki şartları da dikkate alınarak, bina yenileme uygulamalarında yol kademelendirilmesi yapılması ve çalışmalar sonucu ortaya çıkan 2.Derece Acil Ulaşım yol ağında kontrollü parklanma yasağı uygulanması gerekmektedir.","MAHALLE_ADI":"YUNUS EMRE","TIP":"1. Derece Acil Ulaşım Yol Ağı","derece":1,"uzunluk_km":4.773}},{"type":"Feature","geometry":{"type":"MultiLineString","coordinates":[[[28.7469146124,41.1759902556],[28.7472075391,41.1758882751],[28.7473791926,41.1757740033],[28.7474843113,41.1756351847],[28.7475748577,41.1754336715],[28.7476752981,41.1753335148],[28.7477947593,41.1752692993],[28.7479251912,41.1752498721],[28.7480865226,41.1752635385],[28.7481844097,41.1752973593],[28.748297833,41.1753432605],[28.7483898949,41.175400767],[28.7484997406,41.1755103572],[28.7485804679,41.175658939],[28.748574245,41.1758164462],[28.7485713412,41.1758899257],[28.7485599622,41.1759544459],[28.7485465993,41.1760302149],[28.748525758,41.1761312373],[28.7484046976,41.1764637575]],[[28.7484421917,41.1760196503],[28.7484561002,41.1759765099],[28.7484894745,41.1758729953],[28.7484940426,41.175828591],[28.7485071428,41.1757012627],[28.748439719,41.1755502791],[28.7483196054,41.1754417685],[28.7482181735,41.1753870638],[28.7480495841,41.175340562],[28.7478919658,41.1753388484],[28.7477328732,41.1754145445],[28.7476517954,41.1755327795],[28.7476807678,41.1756671003],[28.747777351,41.1757694004],[28.7479180745,41.175830488],[28.7480515202,41.175895602]]]},"properties":{"YOL_ISMI":"Gazi Fahrettin Paşa Cad. Kavşağı","ILCE_ADI":"ARNAVUTKÖY","YAKA":"AVRUPA","UZUNLUK":487.37870942,"ACIKLAMA":"15.02.2024 tarihli UKOME2024/2-1 sayılı kararıyla 1.Derece Acil Ulaşım Yol ağının güncellenmesi sağlanmıştır.","UKOME_GIRIS":"UKOME2024/2-1 (15.02.2024)","UKOME_OZET":"Bu yol ağlarının seçilmesinde; yolların kapanma risk analizleri, binaların yola yıkılma risk analizleri ve yolların kaliteleri göz önüne alınmıştır.","KAPSAM_1":"Cep içerisindeki parkomatlar dahil tüm parklanmaların kaldırılması,24 saat süreli park yasağı getirilerek gerekli levhalandırmaların yapılması,yollar üzerinde yeni parkomat alanlarına ve parklanmaya izin verilmemesi,bu yol ağı için daha önce alınmış varsa tüm UKOME kararlarının iptal edilmesi gerekmektedir.","KAPSAM_2":"1.Derece Acil Ulaşım Yolları ile ilgili olarak bu yollardan mahreç alan yapı stoğunun fiziki şartları da dikkate alınarak, bina yenileme uygulamalarında yol kademelendirilmesi yapılması ve çalışmalar sonucu ortaya çıkan 2.Derece Acil Ulaşım yol ağında kontrollü parklanma yasağı uygulanması gerekmektedir.","MAHALLE_ADI":"YUNUS EMRE","TIP":"1. Derece Acil Ulaşım Yol Ağı","derece":1,"uzunluk_km":0.487}},{"type":"Feature","geometry":{"type":"MultiLineString","coordinates":[[[28.789749941331156,41.148735728251985],[28.7897162676,41.148761792]],[[28.7936633131,41.1460812964],[28.7934235306,41.1462310879],[28.7931297943,41.1464146554]]]},"properties":{"YOL_ISMI":"Eski Edirne Asfaltı Cad.","ILCE_ADI":"BAŞAKŞEHİR","YAKA":"AVRUPA","UZUNLUK":2731.83698684,"ACIKLAMA":"15.02.2024 tarihli UKOME2024/2-1 sayılı kararıyla 1.Derece Acil Ulaşım Yol ağının güncellenmesi sağlanmıştır.","UKOME_GIRIS":"UKOME2024/2-1 (15.02.2024)","UKOME_OZET":"Bu yol ağlarının seçilmesinde; yolların kapanma risk analizleri, binaların yola yıkılma risk analizleri ve yolların kaliteleri göz önüne alınmıştır.","KAPSAM_1":"Cep içerisindeki parkomatlar dahil tüm parklanmaların kaldırılması,24 saat süreli park yasağı getirilerek gerekli levhalandırmaların yapılması,yollar üzerinde yeni parkomat alanlarına ve parklanmaya izin verilmemesi,bu yol ağı için daha önce alınmış varsa tüm UKOME kararlarının iptal edilmesi gerekmektedir.","KAPSAM_2":"1.Derece Acil Ulaşım Yolları ile ilgili olarak bu yollardan mahreç alan yapı stoğunun fiziki şartları da dikkate alınarak, bina yenileme uygulamalarında yol kademelendirilmesi yapılması ve çalışmalar sonucu ortaya çıkan 2.Derece Acil Ulaşım yol ağında kontrollü parklanma yasağı uygulanması gerekmektedir.","MAHALLE_ADI":"PİRİNÇÇİ","TIP":"1. Derece Acil Ulaşım Yol Ağı","derece":1,"uzunluk_km":0.062}},{"type":"Feature","geometry":{"type":"MultiLineString","coordinates":[[[28.5994498444,41.2178327911],[28.5997436314,41.2178771486],[28.5999271722,41.2179161807],[28.6003172644,41.218070895],[28.6005471136,41.2181271688],[28.6007702163,41.2181441642],[28.6009229629,41.2181381753],[28.6010873182,41.2181245091],[28.6013362758,41.2180545433],[28.6015039545,41.2179814189],[28.6017498193,41.2178138065],[28.6018974029,41.2176447806],[28.6020031034,41.2174340466],[28.6020210803,41.2172824324],[28.6020217028,41.2171977102],[28.6020010893,41.2171039153],[28.6019712361,41.2169902184],[28.6018403037,41.2167580152],[28.6013478052,41.2164165891],[28.6008230839,41.2162868813],[28.6001949061,41.2163868185],[28.5997380501,41.2166866308],[28.5995381757,41.2169471823],[28.599339724,41.2177643866],[28.5992886653,41.2179746384],[28.5985913735,41.2208458204]],[[28.6024785939,41.2200375065],[28.6014970661,41.2195854095],[28.60094979,41.2194307441],[28.6002062091,41.2194545389],[28.5995059977,41.2196778893],[28.5988915564,41.2202159663],[28.5985913735,41.2208458204]],[[28.5984877453,41.2200410159],[28.5985346371,41.2191868498],[28.5982764975,41.2184089549],[28.5981241809,41.2179614273],[28.5978089016,41.2175212268],[28.5971361159,41.2167038944]],[[28.5984877453,41.2200410159],[28.5991074689,41.217867674],[28.5991668802,41.2176593111],[28.5993039754,41.2171785014],[28.5994523017,41.2168362204],[28.5998529782,41.2164325625],[28.6001641323,41.2162821229],[28.6005448457,41.2162059794],[28.6009683901,41.216196462],[28.6012348898,41.2162488101],[28.6016621835,41.2163999534],[28.6017457649,41.2164506909],[28.6020058665,41.2167151959],[28.602117005,41.2169099931],[28.6021375707,41.2170278216],[28.6022009506,41.2173909518],[28.6021819155,41.2178668435],[28.602202447,41.2181177857],[28.60224031,41.2185286601],[28.6023095883,41.2187952495],[28.6024038052,41.21902947],[28.602575495,41.2193426948],[28.6027247287,41.2195703661],[28.6029310971,41.2198015433],[28.6029835621,41.2200937732]],[[28.5985913735,41.2208458204],[28.5977630196,41.2237733695],[28.5976153598,41.2245795814],[28.5975857204,41.2250838777],[28.5976361917,41.2254584137],[28.5977597632,41.2259445396],[28.5979721261,41.2263476014]],[[28.6021354771,41.2244641677],[28.6024250064,41.2253918636],[28.6026326924,41.2258288779],[28.6029758024,41.226257666],[28.603225646,41.2265217859],[28.6036253959,41.2269643662],[28.6038823768,41.2273498388],[28.6039537604,41.2275782669],[28.603952728,41.227607681],[28.6038885716,41.2280482338],[28.6037716572,41.2283095568],[28.6035444156,41.2285602035],[28.6031871034,41.2288218672],[28.6027330973,41.228963113],[28.6023833167,41.2289988052],[28.6019907054,41.2289631126],[28.6015140341,41.2288101769],[28.601216613,41.228656842],[28.6009033228,41.2285207317],[28.5995513739,41.227933355],[28.5990742366,41.2276622603],[28.5984889402,41.227293733],[28.5979990342,41.2269675402]],[[28.5979721261,41.2263476014],[28.5982424328,41.226529545],[28.5984905094,41.2267239435],[28.5987374676,41.226862264],[28.5989576224,41.2269554697],[28.5992704792,41.2270375394],[28.5995382639,41.22707212],[28.5997391522,41.2270732885],[28.6001860095,41.2270369019],[28.6004527619,41.2269618783],[28.6008154584,41.2268063609],[28.6010367077,41.2266635768],[28.6014801702,41.2261336947],[28.6016459326,41.2260525245]],[[28.5979721261,41.2263476014],[28.5984893287,41.2270592721],[28.5987281579,41.2272629477],[28.5990186384,41.2274747957],[28.5994684214,41.2277572241],[28.6001909659,41.2280985577],[28.6007320713,41.2283298806],[28.6009344664,41.2284164036],[28.6015015089,41.2286588075],[28.6018565764,41.2287889057],[28.6022057422,41.2288591289],[28.6024759172,41.2288611932],[28.6027627676,41.2288269205],[28.6030887155,41.2287167169],[28.6033318045,41.2285663933],[28.603661087,41.2282492743],[28.6037681628,41.2279566012],[28.6037895783,41.2276639273],[28.6036468108,41.2273141465],[28.6034540746,41.227050026],[28.6032628236,41.2269329347],[28.6031042932,41.226835875],[28.6027330971,41.2267359372],[28.6022262719,41.2267716299],[28.6018336617,41.2269429505],[28.6015552646,41.2271999321],[28.6012124379,41.2275113234]],[[28.5979990342,41.2269675402],[28.5978538874,41.2266134141],[28.5974532587,41.2256359468],[28.5973944838,41.2252811335],[28.5973861097,41.2247102377],[28.5975421441,41.2237173652],[28.5982627763,41.2208244346],[28.5984877453,41.2200410159]],[[28.6003476699,41.2303820522],[28.6001932394,41.2301659256],[28.6002144039,41.2298874847],[28.6002257337,41.2294260492],[28.6000927228,41.2289753309],[28.5998617931,41.2286439841],[28.5995721152,41.2283620281],[28.598703066,41.227686916],[28.5984595637,41.2274457226],[28.5979990342,41.2269675402]]]},"properties":{"YOL_ISMI":"O-6(Yassıören Kavşağı)","ILCE_ADI":"ARNAVUTKÖY","YAKA":"AVRUPA","UZUNLUK":7130.88644553,"ACIKLAMA":"15.02.2024 tarihli UKOME2024/2-1 sayılı kararıyla 1.Derece Acil Ulaşım Yol ağının güncellenmesi sağlanmıştır.","UKOME_GIRIS":"UKOME2024/2-1 (15.02.2024)","UKOME_OZET":"Bu yol ağlarının seçilmesinde; yolların kapanma risk analizleri, binaların yola yıkılma risk analizleri ve yolların kaliteleri göz önüne alınmıştır.","KAPSAM_1":"Cep içerisindeki parkomatlar dahil tüm parklanmaların kaldırılması,24 saat süreli park yasağı getirilerek gerekli levhalandırmaların yapılması,yollar üzerinde yeni parkomat alanlarına ve parklanmaya izin verilmemesi,bu yol ağı için daha önce alınmış varsa tüm UKOME kararlarının iptal edilmesi gerekmektedir.","KAPSAM_2":"1.Derece Acil Ulaşım Yolları ile ilgili olarak bu yollardan mahreç alan yapı stoğunun fiziki şartları da dikkate alınarak, bina yenileme uygulamalarında yol kademelendirilmesi yapılması ve çalışmalar sonucu ortaya çıkan 2.Derece Acil Ulaşım yol ağında kontrollü parklanma yasağı uygulanması gerekmektedir.","MAHALLE_ADI":"YASSIÖREN","TIP":"1. Derece Acil Ulaşım Yol Ağı","derece":1,"uzunluk_km":7.129}},{"type":"Feature","geometry":{"type":"MultiLineString","coordinates":[[[28.6216231322,41.2850102722],[28.6214519169,41.2848998919],[28.6213570222,41.284846822],[28.6212703324,41.2848087472],[28.6212061866,41.2847806945],[28.6210667425,41.2847449003],[28.6204729069,41.2845975254],[28.6200537811,41.2844638588],[28.6196693212,41.2843152305],[28.6193606906,41.2841738907],[28.6191190174,41.284052411],[28.6189525002,41.2839614857],[28.618694921,41.2837953388],[28.618536872,41.2837004881],[28.618271545,41.2835043905],[28.6181650644,41.2834201571],[28.6180055788,41.2832853122],[28.6178446424,41.2831294842],[28.6177125395,41.2829894709],[28.6171398352,41.2824292666]]]},"properties":{"YOL_ISMI":"Ilgın Sk.","ILCE_ADI":"ARNAVUTKÖY","YAKA":"AVRUPA","UZUNLUK":483.292525,"ACIKLAMA":"15.02.2024 tarihli UKOME2024/2-1 sayılı kararıyla 1.Derece Acil Ulaşım Yol ağının güncellenmesi sağlanmıştır.","UKOME_GIRIS":"UKOME2024/2-1 (15.02.2024)","UKOME_OZET":"Bu yol ağlarının seçilmesinde; yolların kapanma risk analizleri, binaların yola yıkılma risk analizleri ve yolların kaliteleri göz önüne alınmıştır.","KAPSAM_1":"Cep içerisindeki parkomatlar dahil tüm parklanmaların kaldırılması,24 saat süreli park yasağı getirilerek gerekli levhalandırmaların yapılması,yollar üzerinde yeni parkomat alanlarına ve parklanmaya izin verilmemesi,bu yol ağı için daha önce alınmış varsa tüm UKOME kararlarının iptal edilmesi gerekmektedir.","KAPSAM_2":"1.Derece Acil Ulaşım Yolları ile ilgili olarak bu yollardan mahreç alan yapı stoğunun fiziki şartları da dikkate alınarak, bina yenileme uygulamalarında yol kademelendirilmesi yapılması ve çalışmalar sonucu ortaya çıkan 2.Derece Acil Ulaşım yol ağında kontrollü parklanma yasağı uygulanması gerekmektedir.","MAHALLE_ADI":"BOYALIK","TIP":"1. Derece Acil Ulaşım Yol Ağı","derece":1,"uzunluk_km":0.483}},{"type":"Feature","geometry":{"type":"MultiLineString","coordinates":[[[28.6165496204,41.294072846],[28.6165727504,41.2940375697],[28.6166753655,41.293916441],[28.6168107319,41.2937837829],[28.6169642935,41.2936594072],[28.61739727,41.2932850778],[28.6175464979,41.2931454453],[28.6177084459,41.2930062967],[28.6178283784,41.2929013945],[28.6180869491,41.2926748638],[28.6182899153,41.2925018284],[28.6185493978,41.2922602207],[28.6187678848,41.2920576923],[28.6188412107,41.2920008666],[28.6188792595,41.2919754048],[28.6189462762,41.2919280222],[28.6190100613,41.2918810294],[28.6190280189,41.2918649938],[28.6191225773,41.291819203],[28.6194338839,41.2916864015],[28.6196478356,41.2915899398],[28.6199201718,41.2914664478],[28.6201503473,41.2913521198],[28.6207900374,41.2910275111],[28.6210412652,41.2908951882],[28.6214318328,41.290705121],[28.6215872723,41.2906337886],[28.6218384773,41.2905185043],[28.6219156023,41.2904760815],[28.6219753825,41.2904369102],[28.6220589094,41.2903625553],[28.6220767508,41.2903172077],[28.6221007238,41.2902696879],[28.6221095675,41.2901475972],[28.6220746345,41.2899824592],[28.6219741769,41.2897867592],[28.621916617,41.2896670356],[28.6218570171,41.2895422689],[28.6218256181,41.2894514476],[28.6217983668,41.28936185],[28.6218012424,41.2893084863],[28.6218047552,41.2892724932],[28.6218102693,41.2892399851],[28.6218190991,41.2892094345],[28.6218393879,41.2891730336],[28.6218653427,41.2891446582],[28.6218925772,41.2891201463],[28.6219494353,41.2890855554],[28.6219874684,41.2890650084],[28.6221345642,41.2889995557],[28.6223751791,41.2888899005],[28.6225087763,41.2888247449],[28.6225619144,41.2887918434],[28.6226307178,41.2887336916],[28.6227040983,41.2886659892],[28.6227433771,41.2886218362],[28.6227858192,41.2885624775],[28.6228179243,41.2885058007],[28.6228551607,41.2884377414],[28.6231022118,41.2879632575],[28.6231705225,41.287834232],[28.6231926789,41.2877922924],[28.6232486445,41.2876657267],[28.6233035089,41.2875480419],[28.6233607887,41.2873227161],[28.6233813104,41.2872136107],[28.6233926639,41.2870382049],[28.6233801498,41.2869783201],[28.6233714597,41.2868840539],[28.6233087912,41.2867038866],[28.6232179779,41.2865591476],[28.6231593591,41.286475955],[28.6230725777,41.2863679422],[28.6229516182,41.2862376969],[28.6228601267,41.2861526396],[28.6227117274,41.2860240934],[28.6224830166,41.2858115903],[28.6223069611,41.2856248323],[28.6222680117,41.2855833841],[28.6219764277,41.2852709356],[28.6218854371,41.28519725],[28.6216231322,41.2850102722],[28.6216518788,41.2849631715],[28.6216898226,41.2849199338],[28.6217360742,41.284881574],[28.6217895501,41.2848489919],[28.6218390712,41.2848266773],[28.6218919768,41.2848093363],[28.6221206265,41.2847560293]]]},"properties":{"YOL_ISMI":"Beykonağı Cad.","ILCE_ADI":"ARNAVUTKÖY","YAKA":"AVRUPA","UZUNLUK":1374.89467322,"ACIKLAMA":"15.02.2024 tarihli UKOME2024/2-1 sayılı kararıyla 1.Derece Acil Ulaşım Yol ağının güncellenmesi sağlanmıştır.","UKOME_GIRIS":"UKOME2024/2-1 (15.02.2024)","UKOME_OZET":"Bu yol ağlarının seçilmesinde; yolların kapanma risk analizleri, binaların yola yıkılma risk analizleri ve yolların kaliteleri göz önüne alınmıştır.","KAPSAM_1":"Cep içerisindeki parkomatlar dahil tüm parklanmaların kaldırılması,24 saat süreli park yasağı getirilerek gerekli levhalandırmaların yapılması,yollar üzerinde yeni parkomat alanlarına ve parklanmaya izin verilmemesi,bu yol ağı için daha önce alınmış varsa tüm UKOME kararlarının iptal edilmesi gerekmektedir.","KAPSAM_2":"1.Derece Acil Ulaşım Yolları ile ilgili olarak bu yollardan mahreç alan yapı stoğunun fiziki şartları da dikkate alınarak, bina yenileme uygulamalarında yol kademelendirilmesi yapılması ve çalışmalar sonucu ortaya çıkan 2.Derece Acil Ulaşım yol ağında kontrollü parklanma yasağı uygulanması gerekmektedir.","MAHALLE_ADI":"BOYALIK","TIP":"1. Derece Acil Ulaşım Yol Ağı","derece":1,"uzunluk_km":1.374}},{"type":"Feature","geometry":{"type":"MultiLineString","coordinates":[[[28.6136033523,41.3122872675],[28.613585486,41.3122296863],[28.6135777223,41.3121090535],[28.6135721963,41.3120359913],[28.6135704926,41.3119766357],[28.6134970774,41.3119427199],[28.6134368866,41.3119262723],[28.6132561005,41.3118837427],[28.6130815756,41.3118449905],[28.6130141482,41.3118239302],[28.6129654221,41.3117973742],[28.6129286575,41.3117680793],[28.6129044774,41.3117345404],[28.612876863,41.3116871429],[28.6128354487,41.3115880503],[28.6127795843,41.3114340314],[28.6126888632,41.3112966635],[28.6126669005,41.3112713123],[28.6126411484,41.3112442318],[28.6125429468,41.3111530837],[28.6125018007,41.3111086203],[28.6124517908,41.3110600253],[28.6124122352,41.3110275093],[28.6123703985,41.3109864481],[28.6123412738,41.3109539894],[28.6122849811,41.310884653],[28.612233259,41.310825935],[28.612213233,41.310811472],[28.6121683783,41.3107638007],[28.6121125867,41.3107024963],[28.6120385212,41.3106172663],[28.6119225391,41.310518756]]]},"properties":{"YOL_ISMI":"Balaban Camii Sk.","ILCE_ADI":"ARNAVUTKÖY","YAKA":"AVRUPA","UZUNLUK":258.17334145,"ACIKLAMA":"15.02.2024 tarihli UKOME2024/2-1 sayılı kararıyla 1.Derece Acil Ulaşım Yol ağının güncellenmesi sağlanmıştır.","UKOME_GIRIS":"UKOME2024/2-1 (15.02.2024)","UKOME_OZET":"Bu yol ağlarının seçilmesinde; yolların kapanma risk analizleri, binaların yola yıkılma risk analizleri ve yolların kaliteleri göz önüne alınmıştır.","KAPSAM_1":"Cep içerisindeki parkomatlar dahil tüm parklanmaların kaldırılması,24 saat süreli park yasağı getirilerek gerekli levhalandırmaların yapılması,yollar üzerinde yeni parkomat alanlarına ve parklanmaya izin verilmemesi,bu yol ağı için daha önce alınmış varsa tüm UKOME kararlarının iptal edilmesi gerekmektedir.","KAPSAM_2":"1.Derece Acil Ulaşım Yolları ile ilgili olarak bu yollardan mahreç alan yapı stoğunun fiziki şartları da dikkate alınarak, bina yenileme uygulamalarında yol kademelendirilmesi yapılması ve çalışmalar sonucu ortaya çıkan 2.Derece Acil Ulaşım yol ağında kontrollü parklanma yasağı uygulanması gerekmektedir.","MAHALLE_ADI":"BALABAN","TIP":"1. Derece Acil Ulaşım Yol Ağı","derece":1,"uzunluk_km":0.258}},{"type":"Feature","geometry":{"type":"MultiLineString","coordinates":[[[28.6119225391,41.310518756],[28.6119321191,41.3104760639],[28.6118772235,41.3103162613],[28.6118044616,41.3101553267],[28.6117013313,41.309946201],[28.6118400811,41.3098396381],[28.6119601831,41.3097444399],[28.6120694101,41.3096457969],[28.6123406311,41.309375096],[28.6123666906,41.3093183837],[28.6122252666,41.308989237],[28.6122056282,41.3089210017],[28.6121953226,41.3088231699],[28.6121857606,41.3086731646],[28.612178115,41.3086367259],[28.612157003,41.3086030726],[28.612129754,41.3084995711],[28.6121190082,41.3084606748],[28.6120979613,41.308385331],[28.6120823333,41.3083155053],[28.6120259562,41.3081134696],[28.6120027105,41.3080154728],[28.6119976173,41.3079773811],[28.6119982574,41.3078771746],[28.6120031699,41.3078065792],[28.61202872,41.307627499],[28.6120578192,41.3074768795],[28.6120769574,41.307378162],[28.6121321945,41.3071312846],[28.6121623094,41.3069958127],[28.6121790056,41.3068924126],[28.6121848946,41.3068230534],[28.6121827018,41.3067632867],[28.612174166,41.3067085883],[28.6121257304,41.3065280577],[28.6121150913,41.306478738],[28.6121070086,41.3064123634],[28.6121092101,41.3063757823],[28.6121120797,41.3063327031],[28.6121210764,41.3062876304],[28.612133365,41.3062510665],[28.6121528823,41.3062103435],[28.6121791403,41.3061697792],[28.6122171972,41.306124967],[28.6122722913,41.3060747364],[28.6122989675,41.3060540818],[28.6123382425,41.3060236732],[28.6123823684,41.305981972],[28.6124123065,41.305945673],[28.6124340196,41.30591344],[28.6124675576,41.3058436416],[28.6124807012,41.3057836348],[28.6124815018,41.3057206448],[28.6124766553,41.3056684363],[28.6124485403,41.3055909401],[28.6124154078,41.3055036521],[28.6123759036,41.3053974656],[28.612355575,41.3053392936],[28.612343452,41.3052941824],[28.612328123,41.3052359482],[28.6122997863,41.3051760193],[28.6122583841,41.305121517],[28.6122045666,41.3050578756],[28.612176676,41.3050310861],[28.6121162177,41.3049774524],[28.6119982855,41.3048955686],[28.6119098388,41.3048210145],[28.6119224199,41.3047212258],[28.6119248439,41.3046650424],[28.611947095,41.304562851],[28.6119779697,41.3044568109],[28.6119997969,41.3043796701],[28.6120120684,41.3043238558],[28.6120304791,41.3041744939],[28.6120451074,41.3040798367],[28.6120594839,41.3039594472],[28.6121089884,41.303701334],[28.6121251747,41.3036291422],[28.6121354248,41.3035649227],[28.6121907554,41.3032385677],[28.6122124446,41.3031291574],[28.6122341645,41.3030595137],[28.6122600169,41.3029697638],[28.6122862173,41.3029023387],[28.6123422468,41.3027910734],[28.6124238194,41.3026672406],[28.6124664729,41.3026216625],[28.612538502,41.302567251],[28.6126530711,41.3025021137],[28.6127736135,41.3024470587],[28.612821744,41.3024279853],[28.6128678343,41.3024105278],[28.6133146715,41.3022651344],[28.613724163,41.3021445686],[28.613907675,41.3020873555],[28.6140341063,41.3020596102],[28.6141485804,41.3020459847],[28.6142261792,41.3020469191],[28.6143168486,41.3020604288],[28.614412031,41.3020828616],[28.614477306,41.3021108443],[28.6145686986,41.3021639758],[28.6146746404,41.3022338403],[28.6149368221,41.3024131033],[28.6151311909,41.3025269149],[28.6152522582,41.302596498],[28.6154021487,41.3026725252],[28.615591711,41.3027461987],[28.6157235086,41.3027708427],[28.615823307,41.3027680597],[28.6159073116,41.3027553157],[28.6159992589,41.302714669],[28.616113347,41.3026340701],[28.6162174401,41.3025226839],[28.616303652,41.3023946741],[28.616339206,41.3023263682],[28.616394969,41.302192228],[28.6164846696,41.3018713567],[28.6165522814,41.3015382466],[28.6165466353,41.301413348],[28.6165265681,41.3013082303],[28.6164966839,41.3012196228],[28.6163956676,41.3009354868],[28.616375995,41.3008368026],[28.6163696834,41.3006349547],[28.6163835692,41.3005065182],[28.6164292098,41.3003162669],[28.6165108409,41.300049516],[28.6165922001,41.2997896082],[28.6166812948,41.2995018184],[28.6167318334,41.2992481903],[28.6167607642,41.2991178259],[28.6167855476,41.2989739905],[28.6168131189,41.2987809341],[28.6168481915,41.2984113093],[28.6169342863,41.2977510327],[28.6169583146,41.297534738],[28.6169795994,41.2972518577],[28.6169841956,41.2970672012],[28.6169818346,41.2968887242],[28.6169599325,41.296668629],[28.6169156701,41.2964873651],[28.6168797525,41.2963332561],[28.6167821709,41.295919031],[28.6166727362,41.2954789989],[28.6165725653,41.2950792854],[28.6165213347,41.2947881088],[28.6164975996,41.2944422151],[28.616498963,41.2943588308],[28.6164958369,41.2942668894],[28.6165105296,41.2941679698],[28.6165319558,41.2941092541],[28.6165496204,41.294072846]]]},"properties":{"YOL_ISMI":"Kufalı Cad.","ILCE_ADI":"ARNAVUTKÖY","YAKA":"AVRUPA","UZUNLUK":2254.41964963,"ACIKLAMA":"15.02.2024 tarihli UKOME2024/2-1 sayılı kararıyla 1.Derece Acil Ulaşım Yol ağının güncellenmesi sağlanmıştır.","UKOME_GIRIS":"UKOME2024/2-1 (15.02.2024)","UKOME_OZET":"Bu yol ağlarının seçilmesinde; yolların kapanma risk analizleri, binaların yola yıkılma risk analizleri ve yolların kaliteleri göz önüne alınmıştır.","KAPSAM_1":"Cep içerisindeki parkomatlar dahil tüm parklanmaların kaldırılması,24 saat süreli park yasağı getirilerek gerekli levhalandırmaların yapılması,yollar üzerinde yeni parkomat alanlarına ve parklanmaya izin verilmemesi,bu yol ağı için daha önce alınmış varsa tüm UKOME kararlarının iptal edilmesi gerekmektedir.","KAPSAM_2":"1.Derece Acil Ulaşım Yolları ile ilgili olarak bu yollardan mahreç alan yapı stoğunun fiziki şartları da dikkate alınarak, bina yenileme uygulamalarında yol kademelendirilmesi yapılması ve çalışmalar sonucu ortaya çıkan 2.Derece Acil Ulaşım yol ağında kontrollü parklanma yasağı uygulanması gerekmektedir.","MAHALLE_ADI":"BALABAN","TIP":"1. Derece Acil Ulaşım Yol Ağı","derece":1,"uzunluk_km":2.255}},{"type":"Feature","geometry":{"type":"MultiLineString","coordinates":[[[28.797175031596964,41.14408179349108],[28.7971926254,41.1441298798],[28.7973884195,41.1446650008],[28.7973285991,41.1449204791],[28.7971245458,41.1451412403],[28.7968472118,41.1453134462],[28.7965476144,41.1454103756],[28.7963112249,41.1454114783],[28.7961038484,41.14537715],[28.7958591821,41.1453138424],[28.7955951541,41.1452753462],[28.7952730343,41.1453112858],[28.7948403189,41.1454334571]],[[28.7964146247,41.1445693565],[28.7962283273,41.1447745255],[28.7959700932,41.1449362077],[28.7958684846,41.145063793],[28.7958948164,41.145174847],[28.7960346498,41.1452835148],[28.796260737,41.14532876],[28.7965633614,41.1453247749],[28.7968538314,41.1452098831],[28.7971270924,41.1450019],[28.7972215804,41.1447406853],[28.797135361,41.1442908548],[28.7970949644,41.1441850466],[28.79707583485376,41.14413494173942]]]},"properties":{"YOL_ISMI":"Beyder Cad.","ILCE_ADI":"ARNAVUTKÖY","YAKA":"AVRUPA","UZUNLUK":649.98804395,"ACIKLAMA":"15.02.2024 tarihli UKOME2024/2-1 sayılı kararıyla 1.Derece Acil Ulaşım Yol ağının güncellenmesi sağlanmıştır.","UKOME_GIRIS":"UKOME2024/2-1 (15.02.2024)","UKOME_OZET":"Bu yol ağlarının seçilmesinde; yolların kapanma risk analizleri, binaların yola yıkılma risk analizleri ve yolların kaliteleri göz önüne alınmıştır.","KAPSAM_1":"Cep içerisindeki parkomatlar dahil tüm parklanmaların kaldırılması,24 saat süreli park yasağı getirilerek gerekli levhalandırmaların yapılması,yollar üzerinde yeni parkomat alanlarına ve parklanmaya izin verilmemesi,bu yol ağı için daha önce alınmış varsa tüm UKOME kararlarının iptal edilmesi gerekmektedir.","KAPSAM_2":"1.Derece Acil Ulaşım Yolları ile ilgili olarak bu yollardan mahreç alan yapı stoğunun fiziki şartları da dikkate alınarak, bina yenileme uygulamalarında yol kademelendirilmesi yapılması ve çalışmalar sonucu ortaya çıkan 2.Derece Acil Ulaşım yol ağında kontrollü parklanma yasağı uygulanması gerekmektedir.","MAHALLE_ADI":"BAŞAK","TIP":"1. Derece Acil Ulaşım Yol Ağı","derece":1,"uzunluk_km":0.636}},{"type":"Feature","geometry":{"type":"MultiLineString","coordinates":[[[28.6948219227,41.2435732101],[28.6950480036,41.2442666393],[28.6950905526,41.24439858]]]},"properties":{"YOL_ISMI":"İstanbul Havalimanı Yolu","ILCE_ADI":"ARNAVUTKÖY","YAKA":"AVRUPA","UZUNLUK":94.40364157,"ACIKLAMA":"15.02.2024 tarihli UKOME2024/2-1 sayılı kararıyla 1.Derece Acil Ulaşım Yol ağının güncellenmesi sağlanmıştır.","UKOME_GIRIS":"UKOME2024/2-1 (15.02.2024)","UKOME_OZET":"Bu yol ağlarının seçilmesinde; yolların kapanma risk analizleri, binaların yola yıkılma risk analizleri ve yolların kaliteleri göz önüne alınmıştır.","KAPSAM_1":"Cep içerisindeki parkomatlar dahil tüm parklanmaların kaldırılması,24 saat süreli park yasağı getirilerek gerekli levhalandırmaların yapılması,yollar üzerinde yeni parkomat alanlarına ve parklanmaya izin verilmemesi,bu yol ağı için daha önce alınmış varsa tüm UKOME kararlarının iptal edilmesi gerekmektedir.","KAPSAM_2":"1.Derece Acil Ulaşım Yolları ile ilgili olarak bu yollardan mahreç alan yapı stoğunun fiziki şartları da dikkate alınarak, bina yenileme uygulamalarında yol kademelendirilmesi yapılması ve çalışmalar sonucu ortaya çıkan 2.Derece Acil Ulaşım yol ağında kontrollü parklanma yasağı uygulanması gerekmektedir.","MAHALLE_ADI":"TAYAKADIN","TIP":"1. Derece Acil Ulaşım Yol Ağı","derece":1,"uzunluk_km":0.094}},{"type":"Feature","geometry":{"type":"MultiLineString","coordinates":[[[28.81518182939359,41.13639063391667],[28.8114323657,41.1363020746],[28.810849446,41.1363827933]],[[28.7964146247,41.1445693565],[28.7951120286,41.1452811954],[28.7948944668,41.1454043451],[28.7948403189,41.1454334571],[28.7943877549,41.1456767713],[28.7940125625,41.1458863658],[28.7936633131,41.1460812964],[28.7934235306,41.1462310879],[28.7931297943,41.1464146554],[28.7928499928,41.1465923965],[28.792303794,41.1469704107],[28.7919251857,41.1472576068],[28.7915946845,41.1475064806],[28.7913363208,41.1476993736],[28.7909508458,41.1479926244],[28.7908993019,41.1480318294],[28.7908174543,41.1480940927],[28.7905453316,41.1483010264],[28.7905074873,41.1483296619],[28.7903025012,41.1484847627],[28.7902175233,41.1485485108],[28.7900118143,41.1487028128],[28.7896952293,41.1489469885],[28.7891383206,41.1493681774],[28.7887176873,41.1496832912],[28.7884550848,41.1498910619],[28.7883204736,41.1500135786],[28.7881655654,41.1501657429],[28.787991862,41.1503729568],[28.7878418587,41.1505804198],[28.787702715,41.1508417479],[28.7874833235,41.1512769309],[28.7872401949,41.1518834235],[28.7870704376,41.1524613979],[28.7870832095,41.1526235318],[28.787086833,41.1527688929],[28.7871205626,41.1530789854],[28.7871606522,41.1533054227],[28.7872293293,41.1535427319],[28.7873581076,41.1539452088],[28.7873790848,41.1539712193],[28.7874581542,41.1542984295],[28.7874782793,41.1544034583],[28.787509758,41.1549457242],[28.7874794664,41.1551808234],[28.7874331824,41.1554151348],[28.7873366321,41.1557282269],[28.7870792965,41.1564774275],[28.7866892181,41.1575374612],[28.7865588892,41.1577671661],[28.7864381679,41.1579240767],[28.7863332934,41.1580760991],[28.7861131209,41.1582902575],[28.7858906073,41.1584647636],[28.7856521289,41.1586157245],[28.7854948375,41.1586949535],[28.7851321938,41.1588693436],[28.7844670777,41.1591713469],[28.7840812127,41.1593317051],[28.7835376762,41.1595628942],[28.7827164959,41.1598119173],[28.7823552668,41.1599000199],[28.7818262708,41.1600043751],[28.7811232589,41.1601266575],[28.7807634433,41.1601872679],[28.7774346367,41.1607618984],[28.7769149437,41.1608690399],[28.7764116433,41.1609925642],[28.776046842,41.1610858981],[28.7755481194,41.161246222],[28.775219728,41.1613611954],[28.7740768586,41.1617861977],[28.7732285147,41.162122324]],[[28.789749941331156,41.148735728251985],[28.7897162676,41.148761792],[28.7896924353,41.1487802386],[28.7888064252,41.1494665442],[28.7881155508,41.1500319448],[28.7879952547,41.1501643074],[28.787897138,41.1502711155],[28.7878019521,41.1503873277],[28.7877413057,41.150480462],[28.7876550347,41.1506178699],[28.7872333985,41.1514691992],[28.7871699967,41.151625767],[28.7869330814,41.152303908],[28.7869062397,41.1525568086],[28.7868942121,41.1527025415],[28.7868866128,41.1530297505],[28.7869613897,41.1533271303],[28.787153981,41.1538711687],[28.7872901303,41.154390939],[28.7873101046,41.154512026],[28.7873299077,41.1548457399],[28.787326317,41.1550446859],[28.7872715723,41.155308049],[28.787175781,41.1556331929],[28.7868314144,41.1565872835],[28.7865769428,41.1572651861],[28.786472436,41.1575307869],[28.786379157,41.1577099133],[28.7862809615,41.1578514749],[28.7862076376,41.1579475342],[28.7860294042,41.1581436093],[28.7858544964,41.1582944753],[28.785700238,41.1584078495],[28.7854705315,41.1585543663],[28.78497982,41.1587839133],[28.7842782193,41.1590904001],[28.7835594123,41.1593806861],[28.7829995703,41.1595727253],[28.7826434577,41.1596745349],[28.782323378,41.1597532417],[28.7820471451,41.1598152819],[28.7816715686,41.1598904916],[28.7809558831,41.1600111209],[28.7793291982,41.1602917636],[28.7786209922,41.160412454],[28.7783937614,41.1604499628],[28.7772398771,41.160645223],[28.7762733192,41.160865707],[28.7758519796,41.1609846901],[28.7751418266,41.1612098399],[28.7741729638,41.1615531806],[28.7736611655,41.1617684532],[28.7734525927,41.1618554016],[28.7733362642,41.1619088391],[28.7731377067,41.162008195]],[[28.7731377067,41.162008195],[28.7732285147,41.162122324]],[[28.7731377067,41.162008195],[28.772965409,41.162079154],[28.7719880208,41.1625752173],[28.7716887743,41.1627316418],[28.770770821,41.1632697888],[28.7701227206,41.1637059884],[28.7696978645,41.1640040081],[28.7692826074,41.1643056206],[28.7687645906,41.164719961],[28.7685531192,41.1648716502],[28.7671734379,41.1660245981],[28.7668526606,41.1662797146],[28.7663920295,41.1666345094],[28.7661144097,41.1668125896],[28.7658527702,41.1669789334],[28.765623369,41.1671075024],[28.765406978,41.1672147735],[28.7651685209,41.1673218057],[28.7648507238,41.1674565728],[28.7644029386,41.1676304467],[28.7639677974,41.167802072],[28.7634151804,41.1680177015],[28.7630813064,41.1681689684],[28.7627499935,41.1683512269],[28.7624436349,41.168548051],[28.7621975613,41.1687240836],[28.7620537464,41.1688273598],[28.7617847976,41.169046023],[28.7615671365,41.1692187959],[28.7614838946,41.1692901945],[28.760679231,41.1699803308],[28.7603866101,41.1701911545],[28.7600319243,41.170416753],[28.7596504896,41.1706313457],[28.7593942003,41.1707550871],[28.7588446624,41.1710321102],[28.7585634204,41.1711738843],[28.7581535509,41.1714039064],[28.7578996731,41.1715770668],[28.7576495026,41.171787295],[28.7575373178,41.1718962929],[28.7573821496,41.1720752073],[28.7571343791,41.1723608955],[28.7568093472,41.1727358431],[28.7567472324,41.1727960545],[28.7564617669,41.1730364985],[28.7560911651,41.1732875402],[28.7559060977,41.1734007249],[28.7555940622,41.1735487355],[28.7552123537,41.1736959904],[28.755063362,41.1737437439],[28.7547591966,41.1738210797],[28.7545646094,41.173861761],[28.7541866022,41.1739284247],[28.7538894651,41.1739795099],[28.753752541,41.1740124238],[28.7537073738,41.174022269]],[[28.7732285147,41.162122324],[28.773068161,41.1622093819],[28.7726931874,41.1623829259],[28.7725581838,41.1624550632],[28.7723974205,41.1625349899],[28.7720859005,41.1626951294],[28.7714844053,41.1630267378],[28.7710499203,41.1632826953],[28.7706194479,41.1635493225],[28.7700061793,41.1639662084],[28.7696295791,41.1642473905],[28.7692818533,41.1645210247],[28.7687060318,41.1649881054],[28.7678701545,41.1656465114],[28.7670236562,41.1663390869],[28.7662898297,41.1668886932],[28.7659096521,41.1671140388],[28.7655713096,41.1673023098],[28.7652501671,41.1674459813],[28.7650497162,41.1675257729],[28.7641806982,41.167862498],[28.7640032326,41.16792959],[28.7635229768,41.1681203097],[28.7632215464,41.1682591594],[28.7629214154,41.1684231183],[28.762643828,41.1685858979],[28.7624435728,41.1687106552],[28.7621845696,41.1689040563],[28.7620027184,41.1690682684],[28.7619071388,41.169159956],[28.7617728312,41.1692648881],[28.7616953033,41.1693246953],[28.7614891398,41.1695078418],[28.7609980432,41.1699403975],[28.7607369336,41.1701506139],[28.7604805346,41.1703314622],[28.760135627,41.1705498406],[28.7600003708,41.1706256556],[28.7597786558,41.1707372472],[28.759522364,41.1708609889],[28.7589972686,41.1711473287],[28.7586584114,41.1713124762],[28.7582575871,41.1715377627],[28.7580684592,41.1716690486],[28.7578233526,41.1718741364],[28.7577582518,41.1719481789],[28.7574843382,41.1722559781],[28.7573222232,41.1724430121],[28.7571356067,41.1726571771],[28.7569529023,41.1728616345],[28.7567920791,41.1729915328],[28.7567129078,41.1730496692],[28.7566873641,41.1730684262],[28.756396027,41.1732933809],[28.7561554328,41.1734449179],[28.7558388323,41.1736116336],[28.7555071738,41.1737590106],[28.7551420195,41.1738831777],[28.7549025202,41.1739479354],[28.7547446622,41.173984712],[28.7541808667,41.17408521],[28.7539090418,41.1741169546],[28.7535314718,41.1741759115]],[[28.7537073738,41.174022269],[28.7525479681,41.1742117684],[28.7521800725,41.1742903231],[28.7518114326,41.1744084162],[28.7515479409,41.174501855],[28.7512129688,41.1746443881],[28.7491367914,41.1756940167]],[[28.7535314718,41.1741759115],[28.7535323128,41.1741588291],[28.7535349068,41.1741342013],[28.7535553661,41.1741027968],[28.7535935166,41.1740737295],[28.753626488,41.1740558585],[28.7536764189,41.1740413909],[28.7537073738,41.174022269]],[[28.7535314718,41.1741759115],[28.75303035,41.1742541578],[28.7526915802,41.1743151942],[28.7523762352,41.1743559127],[28.7519423205,41.1744665802],[28.7514859133,41.1746469927],[28.7509177842,41.1749412872],[28.7503678209,41.1752782148],[28.7501045808,41.1754421215],[28.7500002988,41.1754978783]],[[28.7500002988,41.1754978783],[28.749746377,41.175577953],[28.7493086996,41.1757649783],[28.7487199501,41.1759204571]],[[28.7500002988,41.1754978783],[28.74981481,41.1756601711],[28.7494470425,41.1758221123],[28.7490416566,41.1759993621],[28.7487628765,41.1761511854],[28.7484899901,41.176350475],[28.7484046976,41.1764637575],[28.7482063166,41.1767158311],[28.7480432679,41.1770129956],[28.7478446257,41.1773598389],[28.7475371519,41.1778793489],[28.7474730422,41.1779753769],[28.7470603767,41.1784767471],[28.7470216045,41.1785336451]],[[28.7484421917,41.1760196503],[28.7484088294,41.1761341751],[28.7482659099,41.1764442328],[28.7481082877,41.176640156]],[[28.7464625012,41.1763373961],[28.7471735964,41.1762174412],[28.7476888312,41.1761830222],[28.7480995051,41.1762084523],[28.7481893873,41.176260387],[28.7482201818,41.1763321915],[28.7481757446,41.176443702],[28.7481082877,41.176640156]],[[28.7481082877,41.176640156],[28.7479357559,41.1769439108],[28.7477263402,41.1773468043],[28.7474779482,41.1777422772],[28.7473583086,41.1779167317],[28.7471673459,41.1781611803],[28.7468472825,41.1785446728]],[[28.7470216045,41.1785336451],[28.7469365292,41.1786204911],[28.7464348336,41.1792542206],[28.7463052672,41.1794253514],[28.7460280951,41.1797913993],[28.7457979602,41.1801018726],[28.745520838,41.1804856776],[28.7454049445,41.1805996887],[28.7452792471,41.1806994564],[28.7450566596,41.1808982195],[28.7449806254,41.1809851319]],[[28.7468472825,41.1785446728],[28.7470216045,41.1785336451]],[[28.7468472825,41.1785446728],[28.7467732112,41.1786421623],[28.7463608206,41.1791626107],[28.7458827609,41.1797795503],[28.7458299687,41.1798489657],[28.7455995063,41.1801668597],[28.7454612025,41.1803481086],[28.7453886696,41.1804477029],[28.7452429125,41.1805759336],[28.7448875573,41.1808916945]],[[28.7448875573,41.1808916945],[28.7449806254,41.1809851319]],[[28.7448875573,41.1808916945],[28.7445509759,41.1811907655],[28.7442607378,41.1814059441],[28.7439865801,41.1815792087],[28.7439524912,41.1815911094],[28.7434527743,41.1818853256],[28.7433012782,41.1819690165],[28.7428622407,41.1822071306],[28.742802841,41.1822458731],[28.7425446829,41.1823847657],[28.7425131002,41.1824196249],[28.7421358815,41.1827430512],[28.7417776887,41.1830860968],[28.7416416871,41.1831866807]],[[28.7449806254,41.1809851319],[28.7445851982,41.181294788],[28.744410322,41.1814231467],[28.7443370444,41.1814671214],[28.7436760198,41.1818638267],[28.7436185966,41.1818967241],[28.7432295682,41.1821110761],[28.742953039,41.1822635255],[28.7425726284,41.1824926784],[28.742203093,41.1827893927],[28.7418071353,41.1831688381],[28.7416194335,41.1832878827]],[[28.7416416871,41.1831866807],[28.7411282202,41.1835040353],[28.7408078944,41.183684232],[28.7407070302,41.1837412737],[28.7404799581,41.1838389316],[28.7400383044,41.1839773133],[28.7399017009,41.1840163027]],[[28.720444289,41.182982348],[28.720599928,41.1829908123],[28.7206417724,41.1829981319]],[[28.720444289,41.182982348],[28.7191727558,41.1829967571],[28.7183770292,41.1830503875],[28.7181371053,41.1831287166]],[[28.7206417724,41.1829981319],[28.7206726981,41.1830223065],[28.7207031239,41.1830505489],[28.7207232089,41.1830907005]],[[28.7206417724,41.1829981319],[28.7207890967,41.1830058922],[28.7213267033,41.1830503021],[28.7223752716,41.1833682588],[28.7237134273,41.1837984225],[28.7238510571,41.1837749328],[28.7239838892,41.1837549643],[28.7241411981,41.1836923841],[28.7242279855,41.1836075821],[28.7242957189,41.1835297154],[28.7244151944,41.1834667167],[28.7245812664,41.1834399674],[28.7246996322,41.1834341318],[28.7248174435,41.1834568778],[28.7249059106,41.183529327],[28.7250452876,41.1836595155],[28.7250948136,41.1837887091],[28.7250926652,41.1838994639],[28.7250902114,41.1839531549],[28.7250852298,41.1840621397]],[[28.7416194335,41.1832878827],[28.7416416871,41.1831866807]],[[28.7416194335,41.1832878827],[28.7415098413,41.1833571418],[28.7411414586,41.1835792306],[28.7408500327,41.1837546759],[28.7408024509,41.1837895722],[28.7405180237,41.1839351835],[28.740313192,41.1839878588],[28.7401111485,41.1840437931],[28.7399451121,41.1840808631]],[[28.7207232089,41.1830907005],[28.7203447686,41.1830909114]],[[28.7207232089,41.1830907005],[28.7207286684,41.1831155763],[28.7207232089,41.1831511393],[28.7207052917,41.1831875345]],[[28.7203447686,41.1830909114],[28.7203473085,41.1830697252],[28.7203709515,41.183029774],[28.7204104591,41.1829977697],[28.720444289,41.182982348]],[[28.7203447686,41.1830909114],[28.7201546939,41.1830894231],[28.7198549342,41.1830870762],[28.718547798,41.1830972019],[28.7181371053,41.1831287166]],[[28.7181371053,41.1831287166],[28.7176094871,41.1831164115],[28.7163067319,41.1831699492],[28.7134541154,41.1832199184],[28.7116009121,41.1832907074],[28.7093725469,41.1833632808],[28.7077771183,41.1833989728],[28.7075070499,41.1834108697],[28.707340421,41.1834026875],[28.7068574564,41.1833561428],[28.7065552646,41.1832609645],[28.7062673497,41.1831562673],[28.7060317839,41.1831943396],[28.7057620122,41.1832851301],[28.7055732073,41.1833287016],[28.7052654639,41.183333216],[28.704705831,41.183344538],[28.7039013406,41.1833685743],[28.703524685,41.1833830123],[28.7030782004,41.1834165032]],[[28.7207052917,41.1831875345],[28.720397264,41.1831947882]],[[28.7207052917,41.1831875345],[28.7206883027,41.1832045903],[28.7206466371,41.1832322894],[28.7205956947,41.1832500466]],[[28.720397264,41.1831947882],[28.7203558379,41.1831558194],[28.7203420824,41.1831133088],[28.7203447686,41.1830909114]],[[28.720397264,41.1831947882],[28.7201384165,41.1831985873],[28.7197675156,41.1832040295],[28.718371677,41.1832278112]],[[28.7205956947,41.1832500466],[28.7205110808,41.1832527928]],[[28.718371677,41.1832278112],[28.7128628588,41.1833279859],[28.7075778379,41.1834950434],[28.7073059844,41.1834992078],[28.7069609635,41.1835111049],[28.7066813759,41.1835646429],[28.7064255837,41.1836508981],[28.7061192289,41.1836806416],[28.7058634361,41.1835854633],[28.7055846051,41.1834870541],[28.7052800343,41.183444224],[28.7048352967,41.1834361381],[28.7036953131,41.1834656391],[28.703215213,41.1834591091],[28.7030782004,41.1834165032]],[[28.7205110808,41.1832527928],[28.7204603464,41.1832292553],[28.7204151114,41.1832115774],[28.720397264,41.1831947882]],[[28.7205110808,41.1832527928],[28.7201797682,41.1832634051],[28.7190081505,41.1832859342],[28.7186639639,41.1832779956],[28.718371677,41.1832278112]],[[28.7219289909,41.1835175109],[28.7211268028,41.1833071395],[28.7208245891,41.1832672642],[28.7206806115,41.1832482672],[28.7205956947,41.1832500466]],[[28.7219289909,41.1835175109],[28.7217503165,41.1834011565],[28.7211344918,41.1832443298],[28.7210838065,41.1832373677],[28.7207374593,41.1831897944],[28.7207052917,41.1831875345]],[[28.7030782004,41.1834165032],[28.7016703103,41.1834944561],[28.7016241881,41.1834995546],[28.7008199473,41.183565322],[28.7005594538,41.1835837134],[28.6996399713,41.1836508535],[28.6987085776,41.1837211544],[28.6984593444,41.1837366033],[28.6972888222,41.1838178596],[28.6969554727,41.1838419285],[28.6966705905,41.1838623204],[28.6963249885,41.1838826562],[28.6961802708,41.1838900903],[28.6954449698,41.1839498854],[28.6951360606,41.1839750057],[28.6943192944,41.184034843],[28.6940200795,41.1840401947],[28.6935733091,41.1840851516],[28.6932570656,41.1841070124],[28.6903591583,41.1843073321],[28.6902946256,41.1843180405],[28.6880813291,41.1844716936],[28.687307399,41.1845238258],[28.6868955342,41.1845616021],[28.6866767979,41.1846341526],[28.6865785046,41.1846779833],[28.6864061928,41.1847547004],[28.6861941233,41.1849389436],[28.6860442282,41.1851566435],[28.6858397515,41.1855712938],[28.6857964355,41.1856365505],[28.6856581982,41.1857899104],[28.6855656325,41.185854034],[28.6854372975,41.1859208178],[28.6853704352,41.1859453882],[28.6852118782,41.1859851405],[28.6850938373,41.1859898957],[28.6850019635,41.1859822232],[28.6848296364,41.1859522401],[28.6846538519,41.1858925327],[28.6844858441,41.1858167229],[28.6841542515,41.1856299798],[28.6816344379,41.1841014666],[28.681554151,41.1840630672],[28.6814156182,41.1840189929],[28.6812917982,41.1839854666],[28.6811963459,41.1839727619],[28.6809359685,41.183962463],[28.6806680616,41.1839923955],[28.680440493,41.1840580908],[28.6802671521,41.1841381832],[28.6801652666,41.1841953724],[28.6797674695,41.184537941],[28.6786453388,41.1855444268],[28.6778616909,41.1862508988],[28.6776081034,41.1864795506],[28.6774717052,41.1866097832],[28.6773104648,41.1868018562],[28.677226454,41.1869329135],[28.6771906927,41.1869784917],[28.6769029808,41.1874597367],[28.6767221199,41.1877625714],[28.6757812911,41.1893187431],[28.6756596692,41.1895226107],[28.675382679,41.1899940912],[28.6751511457,41.1903266596],[28.6749632639,41.1905718903],[28.6748427153,41.1907060982],[28.6747155516,41.19082833],[28.674547826,41.1909579464],[28.6743864457,41.1910782299],[28.6740719237,41.1912648545],[28.6722661688,41.1921763031],[28.6719383032,41.1923658095],[28.671668592,41.1925622166],[28.6714196905,41.1928027648],[28.6711850073,41.19303992],[28.6710490347,41.1931639405],[28.6709215297,41.1932559035],[28.6707417141,41.1933594161],[28.6705218479,41.1934513047],[28.6703409805,41.1934995307],[28.6701703789,41.1935260691],[28.670040631,41.1935218046],[28.6699062603,41.193502484],[28.6697736433,41.1934614245],[28.669628404,41.193398658],[28.6693898634,41.1932588122],[28.6682808329,41.1925943789],[28.6666004199,41.1915847242],[28.6663667531,41.1914408912],[28.6650008846,41.1906122922],[28.6633586526,41.1896309921],[28.6623446936,41.1890157082],[28.6610322641,41.1882389355],[28.6608221125,41.1881142353],[28.6605781185,41.1880042732],[28.6603606863,41.1879388419],[28.660136616,41.1878895257],[28.6598192086,41.1878666932],[28.6594957012,41.1878623262],[28.6593221038,41.1878729792],[28.6590633317,41.1879083178]],[[28.727150885,41.1837075468],[28.7266051427,41.1838755004],[28.7260536421,41.1839551642],[28.7254128961,41.1840563936],[28.7250852298,41.1840621397]],[[28.7399017009,41.1840163027],[28.7397437513,41.184014513],[28.7389057031,41.1840202096],[28.7382636135,41.1840251535],[28.7377883435,41.1840287601]],[[28.7399017009,41.1840163027],[28.7399451121,41.1840808631]],[[28.7377883435,41.1840287601],[28.7377915538,41.1840997814]],[[28.7377883435,41.1840287601],[28.7373068916,41.184032414],[28.7370337218,41.1840389231],[28.7362931577,41.1840568402],[28.7360923234,41.1840613586],[28.7359513186,41.184062712],[28.7352418693,41.1840650934],[28.7350399457,41.1840714653],[28.7348911743,41.1840822584]],[[28.7399451121,41.1840808631],[28.7388265684,41.1840906965],[28.73801931,41.1841029403],[28.7377915538,41.1840997814]],[[28.7245248945,41.1839534894],[28.7244026749,41.1838816187],[28.7243358702,41.1838141731],[28.724319472,41.183749192],[28.724328259,41.1836863961],[28.724357223,41.1836238237],[28.7243984658,41.18357854],[28.7244749447,41.1835374579],[28.7245409289,41.1835172247],[28.724606653,41.1835103289],[28.7246848408,41.1835111948],[28.7247825772,41.1835446773],[28.7248923327,41.1836087859],[28.7249534655,41.1837085677],[28.7249866329,41.1838194749],[28.7249918707,41.1839396018],[28.7249933943,41.1839613932],[28.7250005394,41.1840636241]],[[28.7377915538,41.1840997814],[28.7375340591,41.1841065319],[28.736271902,41.184127269],[28.7362132826,41.1841258252]],[[28.7348911743,41.1840822584],[28.7348082829,41.1840906003],[28.7346622068,41.1841166504],[28.7344937996,41.1841600614],[28.7344210768,41.1841828924],[28.7343419418,41.1842192148],[28.7342436791,41.1842662254],[28.734142141,41.1843372462],[28.733969179,41.1845199278],[28.7336219089,41.184906498],[28.7333100102,41.1852545569],[28.7332249285,41.185346269],[28.7331013049,41.1854804668],[28.7330437386,41.1855182501],[28.7329445114,41.1855666663],[28.7327623853,41.1856417458]],[[28.7359308201,41.1841398606],[28.7350607891,41.1841457544],[28.7348601469,41.1841604599]],[[28.7348601469,41.1841604599],[28.7348911743,41.1840822584]],[[28.7348601469,41.1841604599],[28.734580483,41.1842183608],[28.7344030571,41.1842729564],[28.7343012799,41.1843237263],[28.7342351595,41.1843711947],[28.7338149379,41.1848323851],[28.7334573164,41.185227546],[28.7334240389,41.1852880618],[28.7333233536,41.1853931157],[28.7331844912,41.1855352117],[28.7331250868,41.1855821518],[28.7330432736,41.1856245954],[28.7328607157,41.1856990708],[28.7328027862,41.1857184619]],[[28.7250852298,41.1840621397],[28.7250005394,41.1840636241]],[[28.7250005394,41.1840636241],[28.7247883044,41.1840673455],[28.7244864727,41.184021121],[28.7239813569,41.1839690696],[28.7232404657,41.1838002596],[28.7223963946,41.1835012371],[28.7218327258,41.1832984401],[28.7212539005,41.1831455011],[28.7210436696,41.1831117846],[28.7209426866,41.1830955894],[28.7207232089,41.1830907005]],[[28.7250005394,41.1840636241],[28.7250102015,41.1842018721],[28.7250234646,41.1843916405],[28.7250236216,41.1845136174],[28.7250273439,41.1847118682],[28.724995266,41.1848048994]],[[28.724995266,41.1848048994],[28.7248840208,41.1846874111],[28.7247763146,41.1846144625],[28.7246314951,41.1844740343],[28.7242158849,41.1843147231],[28.7235920427,41.184043372],[28.7229480398,41.1838361171],[28.7221887896,41.1835866565],[28.7219289909,41.1835175109]],[[28.7327623853,41.1856417458],[28.7325432125,41.1857159762],[28.7320902121,41.1858370335],[28.7319318334,41.1858807438]],[[28.7328027862,41.1857184619],[28.7327623853,41.1856417458]],[[28.7328027862,41.1857184619],[28.7326940141,41.1857567351],[28.7324793703,41.1858198285],[28.7323433379,41.1858541132],[28.7320841579,41.1859196636],[28.7319644846,41.1859492658]],[[28.7319318334,41.1858807438],[28.7313477012,41.1860150703],[28.7307580696,41.1861555711],[28.7305222654,41.1862044138],[28.7302895834,41.1862430276],[28.7301632937,41.1862486978],[28.7298643241,41.1862427517],[28.729582998,41.1862308226],[28.7289947793,41.1861996175],[28.7284111664,41.1861719952],[28.7281838162,41.1861578657]],[[28.7319644846,41.1859492658],[28.7319318334,41.1858807438]],[[28.7319644846,41.1859492658],[28.7310165016,41.1861777636],[28.7305888232,41.1862823824],[28.7304473143,41.1863097056],[28.7303500397,41.1863187123],[28.7302237604,41.1863325944],[28.7299804489,41.1863359097],[28.7299162812,41.186335112],[28.729848688,41.1863264231],[28.7295078406,41.1863111919],[28.7294308321,41.1863059267],[28.729159999,41.1862949966],[28.7290963803,41.1862898483],[28.7290355126,41.1862862988],[28.7286688096,41.1862674519],[28.7285997654,41.1862667491],[28.7282414799,41.1862469079]],[[28.7266705302,41.1860974099],[28.7265624452,41.1860959482],[28.7263178366,41.1860661084],[28.7261810774,41.1860315634],[28.7260523317,41.1859864876],[28.7259733405,41.1859525779],[28.725872093,41.1858953886],[28.7258321952,41.1858688724],[28.7257201546,41.1857950726],[28.7256211147,41.1857087587],[28.7255009897,41.1855674362],[28.7253504398,41.1853436077],[28.7251611477,41.18501891],[28.7251295944,41.1849218905],[28.7250955034,41.1847285447],[28.7250680132,41.1844387873],[28.7250789874,41.1841986944],[28.7250852298,41.1840621397]],[[28.7281838162,41.1861578657],[28.7280747965,41.1861566598],[28.7275762878,41.1861318407],[28.7272144074,41.1861172365],[28.7271299408,41.1861155268],[28.7267387732,41.1860994683],[28.7266705302,41.1860974099]],[[28.7281838162,41.1861578657],[28.7282414799,41.1862469079]],[[28.7265933115,41.1861740034],[28.7266705302,41.1860974099]],[[28.7265933115,41.1861740034],[28.7264910198,41.1861797531],[28.7263263644,41.1861627297],[28.7261194245,41.1861128164],[28.7259874045,41.1860728492],[28.7259162751,41.186036219],[28.7258209604,41.1859886351],[28.7257180798,41.1859199033],[28.7255927265,41.1858131292],[28.7254719443,41.1856877402],[28.7253334653,41.1854781834],[28.7250973227,41.185090098],[28.7250432335,41.1849331232],[28.724995266,41.1848048994]],[[28.7282414799,41.1862469079],[28.7281086529,41.1862419059],[28.7278321214,41.186227119],[28.7277722679,41.1862264776],[28.7274055957,41.186206325],[28.7273415527,41.1862079583],[28.7270289835,41.1862003202],[28.7269526385,41.1861917093],[28.7266636039,41.1861756073],[28.7265933115,41.1861740034]],[[28.6590633317,41.1879083178],[28.6589264172,41.1879087691],[28.6586906522,41.1879653073],[28.6576669558,41.1882714777],[28.6571846398,41.1884100355],[28.6569176254,41.1884859893],[28.6563401279,41.1886247083],[28.6559285818,41.1887138028],[28.6551559741,41.1888731121],[28.6548844928,41.1889215846],[28.6542655435,41.1890664845],[28.6536981315,41.1892568416],[28.6533449675,41.1894078655],[28.6530624557,41.1895441017],[28.6529188619,41.1896230979],[28.6525059916,41.1898899234],[28.6521702279,41.1901737095],[28.6516715508,41.1906758305],[28.6508423686,41.1915761797],[28.6503534336,41.1920557512],[28.6501048777,41.192235871],[28.6498722528,41.1923853527],[28.6495758405,41.1925360091],[28.6493825416,41.192631819],[28.6489742716,41.1927659343],[28.6485227012,41.1928661116],[28.648134503,41.1929198485],[28.6479017929,41.1929280957],[28.6475481154,41.1929293068],[28.6472751935,41.1929152404],[28.6470664478,41.1928880414],[28.6469010957,41.1928511801],[28.6468255609,41.192834341],[28.6464233266,41.1927128938],[28.645689329,41.1925101588],[28.6423558346,41.1915601017],[28.64097331,41.191158786],[28.6395983905,41.1907596568],[28.6391488275,41.1906291469],[28.6389826269,41.1906134857]],[[28.6590633317,41.1879083178],[28.6589363653,41.187959212],[28.6583092247,41.188136424],[28.6578778013,41.1882635393],[28.6570446883,41.1885062049],[28.6564301037,41.1886563141],[28.6559381593,41.188764654],[28.655364953,41.1888878827],[28.6548939211,41.1889730518],[28.6542741612,41.1891163036],[28.6538855685,41.1892458835],[28.6533518854,41.1894594006],[28.6530033137,41.189647968],[28.6529371755,41.1896879536],[28.6525491135,41.1899392351],[28.6521891518,41.1902458586],[28.6509361842,41.1915765369],[28.6503853577,41.1921158543],[28.6501625811,41.1922827884],[28.649943059,41.1924150803],[28.6496904689,41.1925431322],[28.6493884465,41.1926755559],[28.6490091807,41.1928048755],[28.6485759758,41.1929198046],[28.6481973386,41.1929648966],[28.6478927664,41.1929819957],[28.647558581,41.1929803888],[28.64730937,41.1929674941],[28.6470193429,41.1929350164],[28.6468405245,41.1928971747],[28.6465428102,41.192834172],[28.6456280731,41.1925731002],[28.6391285783,41.1906887211],[28.6389826269,41.1906134857]],[[28.6389826269,41.1906134857],[28.6376010861,41.1902176192],[28.6366714462,41.1899505933],[28.6349378745,41.1894526225],[28.6340616388,41.1891772001],[28.6329790006,41.1887568328],[28.6325460596,41.1885889253],[28.6322044737,41.1884689131],[28.6319893632,41.1884251699],[28.6318855878,41.1884169211],[28.6317634384,41.1884192875],[28.6316500019,41.1884327584],[28.6314554515,41.1884717063],[28.6313535784,41.188507176],[28.6312253569,41.1885728397],[28.6311753878,41.1885984293],[28.6310540877,41.1886903426],[28.6290981553,41.1905444074],[28.628950418,41.1906646652],[28.6288175767,41.1907418809],[28.6286480734,41.1908234068],[28.628522768,41.1908628898],[28.6283720901,41.1908962142],[28.627820089,41.1909310578],[28.6273774173,41.1909667825],[28.6273170322,41.1909760355],[28.6271659915,41.1910057992],[28.6269457665,41.1910728769],[28.6263290462,41.1913648717],[28.6261378206,41.1914416039],[28.625798082,41.1915651671],[28.6255428668,41.1916169697],[28.62526083,41.1916393489],[28.6250006976,41.1916231836],[28.6244881274,41.1915628957],[28.6229814227,41.19134566],[28.622720382,41.1913519815],[28.6224443694,41.1914175801],[28.6222277482,41.1915104343],[28.6220392505,41.1916347424],[28.6218727307,41.1917554811],[28.6216023067,41.1919533177],[28.6208833623,41.1924646623],[28.6208176921,41.1925044621],[28.6206612994,41.1926165883],[28.619909113,41.1931605732],[28.6195758179,41.1933942652],[28.6193444461,41.193550741],[28.618428221,41.1942084196],[28.6182776691,41.1943164788],[28.6182014314,41.1943711986],[28.6175174828,41.194861199],[28.6173354975,41.1949915723],[28.6168321782,41.1953501219],[28.6167779194,41.195389554],[28.6162396844,41.1957807154],[28.6149482636,41.1967000804],[28.6137045402,41.1975957014],[28.6135198759,41.1977348026],[28.6133451172,41.1978664414],[28.6129918275,41.1981798968],[28.6123812649,41.1988316042],[28.6118981156,41.1993563846],[28.6101433175,41.2012428348],[28.6096143092,41.2018432955],[28.6095265402,41.2019551229],[28.6093362398,41.2021975848],[28.609230916,41.2023317764],[28.6091084374,41.2024878267],[28.6090015162,41.2026240517],[28.608833156,41.2028385557],[28.6087281081,41.2030401034],[28.6085912268,41.2033725576],[28.6083571746,41.20394794],[28.6081052675,41.2048703868],[28.6080262632,41.2051576376],[28.6079329363,41.2054969571],[28.6078523725,41.2057898731],[28.6077940839,41.2059733416],[28.6075266083,41.2068152301],[28.6074532136,41.2070462376],[28.6073556348,41.2073533609],[28.607227275,41.2077573626],[28.6070575562,41.2082616225],[28.6069551913,41.2086137054],[28.6068758785,41.2088633258],[28.6068074183,41.2090787868],[28.606743557,41.2092797746],[28.6066344318,41.2096232153],[28.6063632431,41.2105319568],[28.6061837784,41.2111238262],[28.6061709473,41.2111661434],[28.606081902,41.2114316705],[28.606012313,41.2116729154],[28.6058393156,41.2122329155],[28.6056915641,41.2127111862],[28.6055559394,41.2131787771],[28.6054259544,41.2136032874],[28.6053622757,41.2138121513],[28.6052657073,41.2141477993],[28.6051276266,41.2145756812],[28.6050633923,41.2147961227],[28.6049069711,41.2153329027],[28.604727812,41.2159077564],[28.6046515523,41.2161766984],[28.6045251381,41.2165816329],[28.604348408,41.2171637257],[28.6040346047,41.2182092169],[28.6039083431,41.2186178134],[28.6037452394,41.2191323769],[28.6036303818,41.2195252519],[28.6035210223,41.2199155642],[28.6033767606,41.2203896074],[28.603300713,41.2206431765],[28.6030762905,41.2213632238],[28.6029702134,41.2217058517],[28.602894482,41.2219504636],[28.6026975811,41.2225836886],[28.6025300539,41.2231622268],[28.6023680268,41.223703548],[28.6021354771,41.2244641677],[28.6018272437,41.2254653296],[28.6017361792,41.2257660497],[28.6016459326,41.2260525245],[28.6013477972,41.2270605064],[28.6012124379,41.2275113234],[28.6010560743,41.2280090277],[28.6009344664,41.2284164036],[28.6009033228,41.2285207317],[28.6003476699,41.2303820522],[28.60013505,41.2310942511],[28.5998524827,41.2319466749],[28.5996652724,41.2326123749],[28.5994927576,41.2331097685],[28.5993625669,41.2333855231],[28.5991646211,41.2337150908],[28.598870466,41.2341390673],[28.5985503449,41.2345758024],[28.5984022932,41.2347777856],[28.5983501774,41.2348465352],[28.5981543882,41.2351048145],[28.5981443942,41.2351390787],[28.5981272626,41.2351679887],[28.5980849274,41.2351917838],[28.597780193,41.2356416426],[28.5976728172,41.235787943],[28.5975802812,41.2359339216],[28.5973721737,41.2362471516],[28.5970986118,41.2366508057],[28.5968587688,41.2369542208],[28.596537481,41.2373877718],[28.5961983519,41.2378865231],[28.5959105553,41.2383028654],[28.5957782504,41.2384973027],[28.5953098996,41.239148105],[28.5948797908,41.2397700985],[28.59420519,41.24072246],[28.5936322797,41.241516136],[28.5927258047,41.2428075208],[28.5926144241,41.2429671345],[28.5918335391,41.2440417981],[28.5912652823,41.2448451276],[28.5908835585,41.2454127314],[28.590671219,41.245776051],[28.589987186,41.2466685697],[28.5898459148,41.2468904401],[28.5895325566,41.2473830106]],[[28.5895325566,41.2473830106],[28.5895196736,41.2475510031],[28.5894661826,41.2476869807],[28.5894421472,41.2477339638]],[[28.5895325566,41.2473830106],[28.5894083047,41.2475812718],[28.5890243037,41.2483614094],[28.5889252519,41.2485638802],[28.588777647,41.2488509596],[28.5887257285,41.2489901885],[28.5887057876,41.2490436621],[28.5887058971,41.2494189318],[28.5887911138,41.2496760721],[28.5889397655,41.2499191002],[28.5891874217,41.2501454742],[28.5895381522,41.2503492881],[28.5899933055,41.2504680228],[28.5904174142,41.2505625523],[28.5911599603,41.2507116012],[28.5914534481,41.2508253731],[28.5916208338,41.2509316455],[28.5918306529,41.251083105],[28.5919762696,41.2512844022],[28.5921093507,41.2515183021],[28.5922079972,41.2518857846],[28.592311913,41.2523754231],[28.5925436753,41.2533430803],[28.5927366047,41.2539142085],[28.5928085553,41.2540550471],[28.5929614947,41.2542986688]],[[28.5894421472,41.2477339638],[28.5894417196,41.2483987793],[28.5897095454,41.2487596311],[28.5902361958,41.2491324732],[28.590984698,41.2496822419]],[[28.5894421472,41.2477339638],[28.5892722497,41.2481012708],[28.5891385992,41.2483306492],[28.5890581744,41.2485476422],[28.5889183223,41.2488698139],[28.5888571551,41.2490191643],[28.5888426657,41.2490545439],[28.588812815,41.2492177488],[28.5888159623,41.2494381484],[28.5889090053,41.2496983622],[28.5891281499,41.2499660765],[28.5894038028,41.2501749267],[28.589708543,41.2503156419],[28.5899320466,41.2503809145],[28.5901211372,41.2503951417],[28.5902795645,41.2503673033],[28.5904747115,41.2502833349],[28.5906165511,41.2501093787],[28.5906368101,41.249901177],[28.590487127,41.2497057843],[28.5902562223,41.2494773754]],[[28.5862648449,41.2488082988],[28.5866808901,41.2487270494],[28.5872776795,41.2486807736],[28.5877086662,41.248638416],[28.5880569456,41.2485890871],[28.5883940303,41.2485098405],[28.5886652738,41.2483732072],[28.588886583,41.2481734264],[28.5892078752,41.2477277085],[28.5894024644,41.2474859094],[28.5895325566,41.2473830106]]]},"properties":{"YOL_ISMI":"Eski Edirne Asfaltı Cad.","ILCE_ADI":"ARNAVUTKÖY","YAKA":"AVRUPA","UZUNLUK":41254.26155911,"ACIKLAMA":"15.02.2024 tarihli UKOME2024/2-1 sayılı kararıyla 1.Derece Acil Ulaşım Yol ağının güncellenmesi sağlanmıştır.","UKOME_GIRIS":"UKOME2024/2-1 (15.02.2024)","UKOME_OZET":"Bu yol ağlarının seçilmesinde; yolların kapanma risk analizleri, binaların yola yıkılma risk analizleri ve yolların kaliteleri göz önüne alınmıştır.","KAPSAM_1":"Cep içerisindeki parkomatlar dahil tüm parklanmaların kaldırılması,24 saat süreli park yasağı getirilerek gerekli levhalandırmaların yapılması,yollar üzerinde yeni parkomat alanlarına ve parklanmaya izin verilmemesi,bu yol ağı için daha önce alınmış varsa tüm UKOME kararlarının iptal edilmesi gerekmektedir.","KAPSAM_2":"1.Derece Acil Ulaşım Yolları ile ilgili olarak bu yollardan mahreç alan yapı stoğunun fiziki şartları da dikkate alınarak, bina yenileme uygulamalarında yol kademelendirilmesi yapılması ve çalışmalar sonucu ortaya çıkan 2.Derece Acil Ulaşım yol ağında kontrollü parklanma yasağı uygulanması gerekmektedir.","MAHALLE_ADI":"PİRİNÇÇİ","TIP":"1. Derece Acil Ulaşım Yol Ağı","derece":1,"uzunluk_km":40.93}}]}